Workbook
Name Slicer_Family__category: #N/A
Name Slicer_Income_category: #N/A
Name Slicer_Marital_Status: #N/A
Name Slicer_Recency_Category: #N/A

Sheet Sheet1
A3: Row Labels | B3: Sum of Z_Revenue
A4: 62-77 Snr Citizen | B4: 7766
A5: 46-61 Old | B5: 11759
A6: 30-45 Youth | B6: 4235
A7: 78-133 Elder | B7: 880
A8: Grand Total | B8: 24640
A28: Row Labels | B28: Sum of Total_purchase
A29: 2n Cycle | B29: 2802
A30: Basic | B30: 379
A31: Graduation | B31: 16894
A32: Master | B32: 5523
A33: PhD | B33: 7693
A34: Grand Total | B34: 33291
A47: Row Labels | B47: Sum of CampaignAccepted
A48: Absurd | B48: 3
A49: Alone | B49: 2
A50: Divorced | B50: 116
A51: Married | B51: 360
A52: Single | B52: 244
A53: Together | B53: 228
A54: Widow | B54: 47
A55: YOLO | B55: 1
A56: Grand Total | B56: 1001
A71: Row Labels | B71: Count of CampaignAccepted
A72: 1730 | B72: 1
A73: 2447 | B73: 1
A74: 3502 | B74: 1
A75: 4023 | B75: 1
A76: 4428 | B76: 1
A77: 4861 | B77: 1
A78: 5305 | B78: 1
A79: 5648 | B79: 1
A80: 6560 | B80: 1
A81: 6835 | B81: 1
A82: 7144 | B82: 1
A83: 7500 | B83: 12
... A2046: 51386 | B2046: 24
A2047: Grand Total | B2047: 2240
A2055: Sum of total_Revenue
A2056: 24640
A2062: Sum of Recency
A2063: 110005

Sheet Sheet6
A1: Bin | B1: Frequency
A2: 30 | B2: 2
A3: 32.191489 | B3: 8
A4: 34.382979 | B4: 18
A5: 36.574468 | B5: 33
A6: 38.765957 | B6: 59
A7: 40.957447 | B7: 69
A8: 43.148936 | B8: 112
A9: 45.340426 | B9: 84
A10: 47.531915 | B10: 92
A11: 49.723404 | B11: 129
A12: 51.914894 | B12: 172
A13: 54.106383 | B13: 222
... A48: 130.80851 | B48: 0
A49: More | B49: 1

Sheet Sheet8
A3: Row Labels | B3: Count of AcceptedCmp5
A4: 0 | B4: 2077
A5: 1 | B5: 163
A6: Grand Total | B6: 2240
A9: Row Labels | B9: Count of AcceptedCmp4
A10: 0 | B10: 2073
A11: 1 | B11: 167
A12: Grand Total | B12: 2240

Sheet Sheet9
A1: Bin | B1: Frequency
A2: 0 | B2: 28
A3: 2.106383 | B3: 52
A4: 4.212766 | B4: 56
A5: 6.3191489 | B5: 36
A6: 8.4255319 | B6: 37
A7: 10.531915 | B7: 50
A8: 12.638298 | B8: 50
A9: 14.744681 | B9: 46
A10: 16.851064 | B10: 37
A11: 18.957447 | B11: 39
A12: 21.06383 | B12: 67
A13: 23.170213 | B13: 41
... A48: 96.893617 | B48: 44
A49: More | B49: 59

Sheet Sheet10
A3: Row Labels | B3: Sum of total_Revenue | C3: Average of Age
A4: 30-45 Youth | B4: 1441 | C4: 39.229008
A5: 46-61 Old | B5: 2277 | C5: 53.483092
A6: 62-77 Snr Citizen | B6: 1419 | C6: 68.643411
A7: 78-133 Elder | B7: 143 | C7: 84.615385
A8: Grand Total | B8: 5280 | C8: 54.510417
B9: =GETPIVOTDATA("total_Revenue",$A$3) -> 5280 | C9: =GETPIVOTDATA("Average of Age",$A$3) -> 54.510417
A20: Row Labels | B20: Sum of Total Amounts (Qty)
A21: 2n Cycle | B21: 19947
A22: Basic | B22: 1039
A23: Graduation | B23: 153770
A24: Master | B24: 55953
A25: PhD | B25: 60403
A26: Grand Total | B26: 291112
B27: =GETPIVOTDATA("Total Amounts (Qty) ",$A$20) -> 291112
A37: Row Labels | B37: Sum of Response
A38: Single | B38: 106
A39: Grand Total | B39: 106
B47: =GETPIVOTDATA("Response",$A$37) -> 106

Sheet Sheet11
A1: Bin | B1: Frequency
A2: 30 | B2: 2
A3: 32.191489 | B3: 8
A4: 34.382979 | B4: 18
A5: 36.574468 | B5: 33
A6: 38.765957 | B6: 59
A7: 40.957447 | B7: 69
A8: 43.148936 | B8: 112
A9: 45.340426 | B9: 84
A10: 47.531915 | B10: 92
A11: 49.723404 | B11: 129
A12: 51.914894 | B12: 172
A13: 54.106383 | B13: 222
... A48: 130.80851 | B48: 0
A49: More | B49: 1

Sheet Sheet15
A1: Calculated Field
A2: Solve Order | B2: Field | C2: Formula
A3: 1 | B3: total_Revenue | C3: = SUM(Z_Revenue)
A4: 2 | B4: Total_customers | C4: = COUNT(ID )
A6: Calculated Item
A7: Solve Order | B7: Item | C7: Formula
A10: Note: | B10: When a cell is updated by more than one formula,
B11: the value is set by the formula with the last solve order.
B13: To change the solve order for multiple calculated items or fields,
B14: on the Options tab, in the Calculations group, click Fields, Items, & Sets, and then click Solve Order.

Sheet Sheet7
A3: Row Labels | B3: Count of AcceptedCmp1 | C3: Sum of Z_Revenue | D3: Sum of convert_rate
A4: 0 | B4: 356 | C4: 3916 | D4: 0.022767857
A5: 1 | B5: 31 | C5: 341 | D5: 0.0089285714
A6: Grand Total | B6: 387 | C6: 4257 | D6: 0.031696429
A8: Row Labels | B8: Count of AcceptedCmp2 | C8: Sum of total_Revenue | D8: Sum of convert_rate
A9: 0 | B9: 381 | C9: 4191 | D9: 0.030357143
A10: 1 | B10: 6 | C10: 66 | D10: 0.0013392857
A11: Grand Total | B11: 387 | C11: 4257 | D11: 0.031696429
A14: Row Labels | B14: Sum of total_Revenue | C14: Count of AcceptedCmp3 | D14: Sum of convert_rate
A15: 0 | B15: 759 | C15: 69 | D15: 0.0089285714
A16: 1 | B16: 143 | C16: 13 | D16: 0.0035714286
A17: Grand Total | B17: 902 | C17: 82 | D17: 0.0125
A20: Row Labels | B20: Count of AcceptedCmp4 | C20: Sum of total_Revenue | D20: Sum of convert_rate
A21: 0 | B21: 77 | C21: 847 | D21: 0.011607143
A22: 1 | B22: 5 | C22: 55 | D22: 0.00089285714
A23: Grand Total | B23: 82 | C23: 902 | D23: 0.0125 | E23: =GETPIVOTDATA("Sum of total_Revenue",$A$20,"AcceptedCmp4",1) -> 55 | F23: highest accepted campaign revenue
E24: =GETPIVOTDATA("AcceptedCmp4",$A$20,"AcceptedCmp4",1) -> 5 | F24: highest campaign accepted (4)
A26: Row Labels | B26: Count of AcceptedCmp5 | C26: Sum of Z_Revenue | D26: Sum of convert_rate
A27: 0 | B27: 74 | C27: 814 | D27: 0.009375
A28: 1 | B28: 8 | C28: 88 | D28: 0.003125
A29: Grand Total | B29: 82 | C29: 902 | D29: 0.0125
A34: Row Labels | B34: Average of convert_rate
A35: 0 | B35: 0.0089285714
A36: 1 | B36: 0.0035714286
A37: Grand Total | B37: 0.0125 | C37: =GETPIVOTDATA("convert_rate",$A$34) -> 0.0125 | D37: averag
A44: Row Labels | B44: Count of ID
A45: 195 | B45: 1
A46: 498 | B46: 1
A47: 975 | B47: 1
A48: 1012 | B48: 1
A49: 1162 | B49: 1
A50: 1381 | B50: 1
A51: 1456 | B51: 1
A52: 1506 | B52: 1
A53: 1542 | B53: 1
A54: 1726 | B54: 1
A55: 1839 | B55: 1
A56: 2114 | B56: 1
... A126: 11187 | B126: 1
A127: Grand Total | B127: 82
C2285: =GETPIVOTDATA("ID",$A$44) -> 82 | D2285: Total customers
A2291: Count of Response | B2291: Column Labels
A2292: Row Labels | B2292: 0 | C2292: 1 | D2292: Grand Total
A2293: Mid-Recency | B2293: 54 | C2293: 28 | D2293: 82
A2294: Grand Total | B2294: 54 | C2294: 28 | D2294: 82

Sheet Sheet16
A1: Bin | B1: Frequency
A2: 0 | B2: 28
A3: 2.106383 | B3: 52
A4: 4.212766 | B4: 56
A5: 6.3191489 | B5: 36
A6: 8.4255319 | B6: 37
A7: 10.531915 | B7: 50
A8: 12.638298 | B8: 50
A9: 14.744681 | B9: 46
A10: 16.851064 | B10: 37
A11: 18.957447 | B11: 39
A12: 21.06383 | B12: 67
A13: 23.170213 | B13: 41
... A48: 96.893617 | B48: 44
A49: More | B49: 59

Sheet Sheet13
A2: Wines | B2: Fruits | C2: MeatProducts | D2: FishProducts | E2: SweetProducts | F2: GoldProducts
A3: Sum of MntWines | B3: Sum of MntFruits | C3: Sum of MntMeatProducts | D3: Sum of MntFishProducts | E3: Sum of MntSweetProducts | F3: Sum of MntGoldProds
A4: 555872 | B4: 45595 | C4: 279803 | D4: 65156 | E4: 46961 | F4: 82148
A5: =GETPIVOTDATA("Sum of MntWines",$A$3) -> 555872 | B5: =GETPIVOTDATA("Sum of MntFruits",$A$3) -> 45595 | C5: =GETPIVOTDATA("Sum of MntMeatProducts",$A$3) -> 279803 | D5: =GETPIVOTDATA("Sum of MntFishProducts",$A$3) -> 65156 | E5: =GETPIVOTDATA("Sum of MntSweetProducts",$A$3) -> 46961 | F5: =GETPIVOTDATA("Sum of MntGoldProds",$A$3) -> 82148
A24: Row Labels | B24: Sum of Total_purchase
A25: Family_with_more_children | B25: 28787
A26: Grand Total | B26: 28787
A43: Row Labels | B43: Sum of MntFishProducts | C43: Sum of MntGoldProds | D43: Sum of MntSweetProducts | E43: Sum of MntFruits | F43: Sum of MntMeatProducts | G43: Sum of MntWines
A44: high_income | B44: 65156 | C44: 82148 | D44: 46961 | E44: 45595 | F44: 279803 | G44: 555872
A45: Grand Total | B45: 65156 | C45: 82148 | D45: 46961 | E45: 45595 | F45: 279803 | G45: 555872
A68: Sum of Total Amounts (Qty) | B68: Sum of Total_purchase
A69: 1075535 | B69: 28787
A70: =GETPIVOTDATA("Sum of Total Amounts (Qty) ",$A$68) -> 1075535 | B70: =GETPIVOTDATA("Sum of Total_purchase",$A$68) -> 28787

Sheet Sheet21
A1: Bin | B1: Frequency | C1: class_int | D1: mid_point | E1: frq*mid point
A2: 1730 | B2: 1 | C2: =A3-A2 -> 14147.574 | D2: =(A3+A2)*0.5 -> 8803.7872 | E2: =B2*D2 -> 8803.7872
A3: 15877.574 | B3: 64 | C3: =A4-A3 -> 14147.574 | D3: =(A4+A3)*0.5 -> 22951.362 | E3: =B3*D3 -> 1468887.1
A4: 30025.149 | B4: 307 | C4: =A5-A4 -> 14147.574 | D4: =(A5+A4)*0.5 -> 37098.936 | E4: =B4*D4 -> 11389373
A5: 44172.723 | B5: 499 | C5: =A6-A5 -> 14147.574 | D5: =(A6+A5)*0.5 -> 51246.511 | E5: =B5*D5 -> 25572009
A6: 58320.298 | B6: 477 | C6: =A7-A6 -> 14147.574 | D6: =(A7+A6)*0.5 -> 65394.085 | E6: =B6*D6 -> 31192979
A7: 72467.872 | B7: 478 | C7: =A8-A7 -> 14147.574 | D7: =(A8+A7)*0.5 -> 79541.66 | E7: =B7*D7 -> 38020913
A8: 86615.447 | B8: 336 | C8: =A9-A8 -> 14147.574 | D8: =(A9+A8)*0.5 -> 93689.234 | E8: =B8*D8 -> 31479583
A9: 100763.02 | B9: 65 | C9: =A10-A9 -> 14147.574 | D9: =(A10+A9)*0.5 -> 107836.81 | E9: =B9*D9 -> 7009392.6
A10: 114910.6 | B10: 5 | C10: =A11-A10 -> 14147.574 | D10: =(A11+A10)*0.5 -> 121984.38 | E10: =B10*D10 -> 609921.91
A11: 129058.17 | B11: 0 | C11: =A12-A11 -> 14147.574 | D11: =(A12+A11)*0.5 -> 136131.96 | E11: =B11*D11 -> 0
A12: 143205.74 | B12: 0 | C12: =A13-A12 -> 14147.574 | D12: =(A13+A12)*0.5 -> 150279.53 | E12: =B12*D12 -> 0
A13: 157353.32 | B13: 4 | C13: =A14-A13 -> 14147.574 | D13: =(A14+A13)*0.5 -> 164427.11 | E13: =B13*D13 -> 657708.43
... A47: 638370.85 | B47: 0 | C47: =A48-A47 -> 14147.574 | D47: =(A48+A47)*0.5 -> 645444.64 | E47: =B47*D47 -> 0
A48: 652518.43 | B48: 0 | C48: =C47 -> 14147.574 | D48: =D47+C48 -> 659592.21 | E48: =B48*D48 -> 0
A49: More | B49: 1 | C49: =C48 -> 14147.574 | D49: =D48+C49 -> 673739.79 | E49: =B49*D49 -> 673739.79
B50: =SUM(B2:B49) -> 2240 | E50: =SUM(E2:E49) -> 1.4861903e+08
A51: mean | B51: =E50/B50 -> 66347.783
A52: median | B52: =(A48+A2)/2 -> 327124.21
A53: mode | B53: =A5 -> 44172.723

Sheet Sheet19
A3: Sum of NumCatalogPurchases | B3: Sum of NumStorePurchases | C3: Sum of NumDealsPurchases | D3: Sum of NumWebPurchases
A4: 5963 | B4: 12970 | C4: 5208 | D4: 9150
A5: =GETPIVOTDATA("Sum of NumCatalogPurchases",$A$3) -> 5963 | B5: =GETPIVOTDATA("Sum of NumStorePurchases",$A$3) -> 12970 | C5: =GETPIVOTDATA("Sum of NumDealsPurchases",$A$3) -> 5208 | D5: =GETPIVOTDATA("Sum of NumWebPurchases",$A$3) -> 9150
A31: Row Labels | B31: Sum of Total_purchase
A32: higher_webvists | B32: 14974
A33: lower_webvisits | B33: 18317
A34: Grand Total | B34: 33291
D46: =GETPIVOTDATA("Sum of Z_CostContact",$A$48,"Z_CostContact",3)/GETPIVOTDATA("Sum of Total_purchase",$A$48,"Z_CostContact",3) -> 0.20185636
A48: Row Labels | B48: Sum of Total_purchase | C48: Sum of Z_CostContact | D48: Sum of cpa
A49: 3 | B49: 33291 | C49: 6720 | D49: 0.20185636
A50: Grand Total | B50: 33291 | C50: 6720 | D50: 0.20185636
B51: =GETPIVOTDATA("Sum of Total_purchase",$A$48) -> 33291 | C51: =GETPIVOTDATA("Sum of Z_CostContact",$A$48) -> 6720 | D51: =GETPIVOTDATA("Sum of cpa",$A$48) -> 0.20185636
A59: Row Labels | B59: Sum of NumCatalogPurchases | C59: Sum of NumStorePurchases | D59: Sum of NumWebPurchases
A60: 0 | B60: 66 | C60: 147 | D60: 136
A61: 1 | B61: 63 | C61: 135 | D61: 94
A62: 2 | B62: 64 | C62: 155 | D62: 94
A63: 3 | B63: 70 | C63: 180 | D63: 122
A64: 4 | B64: 66 | C64: 178 | D64: 126
A65: 5 | B65: 40 | C65: 78 | D65: 59
A66: 6 | B66: 59 | C66: 139 | D66: 78
A67: 7 | B67: 49 | C67: 65 | D67: 46
A68: 8 | B68: 87 | C68: 171 | D68: 119
A69: 9 | B69: 57 | C69: 126 | D69: 127
A70: 10 | B70: 50 | C70: 131 | D70: 105
A71: 11 | B71: 52 | C71: 137 | D71: 97
... A159: 99 | B159: 31 | C159: 81 | D159: 59
A160: Grand Total | B160: 5963 | C160: 12970 | D160: 9150

Sheet Sheet23
A1: Bin | B1: Frequency
A2: 0 | B2: 11
A3: 0.42553191 | B3: 0
A4: 0.85106383 | B4: 0
A5: 1.2765957 | B5: 153
A6: 1.7021277 | B6: 0
A7: 2.1276596 | B7: 202
A8: 2.5531915 | B8: 0
A9: 2.9787234 | B9: 0
A10: 3.4042553 | B10: 205
A11: 3.8297872 | B11: 0
A12: 4.2553191 | B12: 218
A13: 4.6808511 | B13: 0
... A48: 19.574468 | B48: 0
A49: More | B49: 3

Sheet Sheet24
A1: Bin | B1: Frequency
A2: 0 | B2: 11
A3: 0.42553191 | B3: 0
A4: 0.85106383 | B4: 0
A5: 1.2765957 | B5: 153
A6: 1.7021277 | B6: 0
A7: 2.1276596 | B7: 202
A8: 2.5531915 | B8: 0
A9: 2.9787234 | B9: 0
A10: 3.4042553 | B10: 205
A11: 3.8297872 | B11: 0
A12: 4.2553191 | B12: 218
A13: 4.6808511 | B13: 0
... A48: 19.574468 | B48: 0
A49: More | B49: 3

Sheet customer retention
B2: LESS THAN 2 WKS | C2: AFTER A MONTH | D2: 2WKS -A MONTH
A3: #VALUE!
A23: Recency Category | B23: Mid-Recency
A25: Row Labels | B25: Sum of Total Amounts (Qty)
A26: 3790 | B26: 15
A27: 3955 | B27: 6
A28: 5329 | B28: 11
A29: 6679 | B29: 16
A30: 6961 | B30: 11
A31: 7196 | B31: 13
A32: 9291 | B32: 15
A33: 9725 | B33: 12
A34: 9931 | B34: 9
A35: 10241 | B35: 14
A36: Grand Total | B36: 122
A41: Count of acceptance category | B41: Column Labels
A42: Row Labels | B42: high Recency | C42: Grand Total
A43: 1 / 5 response accepted | B43: 229 | C43: 229
A44: 2/5 campaign accepted | B44: 73 | C44: 73
A45: 3/5 campaign accepted | B45: 29 | C45: 29
A46: 4/5 campaign accepted | B46: 24 | C46: 24
A47: high campaign response | B47: 5 | C47: 5
A48: low response | B48: 1138 | C48: 1138
A49: Grand Total | B49: 1498 | C49: 1498
A54: Count of acceptance category | B54: Column Labels
A55: Row Labels | B55: high purchase | C55: Grand Total
A56: 1 / 5 response accepted | B56: 6 | C56: 6
A57: 2/5 campaign accepted | B57: 3 | C57: 3
A58: 3/5 campaign accepted | B58: 1 | C58: 1
A59: low response | B59: 26 | C59: 26
A60: Grand Total | B60: 36 | C60: 36
A72: Row Labels | B72: Count of acceptance category
A73: 1 / 5 response accepted | B73: 370
A74: 2/5 campaign accepted | B74: 142
A75: 3/5 campaign accepted | B75: 51
A76: 4/5 campaign accepted | B76: 36
A77: high campaign response | B77: 10
A78: low response | B78: 1631
A79: Grand Total | B79: 2240
A102: ID | B102: (All)
A104: Row Labels | B104: Average of Z_Revenue
A105: 1 / 5 response accepted | B105: 11
A106: 2/5 campaign accepted | B106: 11
A107: 3/5 campaign accepted | B107: 11
A108: 4/5 campaign accepted | B108: 11
A109: high campaign response | B109: 11
A110: low response | B110: 11
A111: Grand Total | B111: 11
A127: Sum of Total Amounts (Qty) | B127: Column Labels
A128: Row Labels | B128: Mid-Recency | C128: Grand Total
A129: 477 | B129: 2157 | C129: 2157
A130: 2186 | B130: 2257 | C130: 2257
A131: 3690 | B131: 2091 | C131: 2091
A132: 5236 | B132: 2194 | C132: 2194
A133: 5350 | B133: 2525 | C133: 2525
A134: 5453 | B134: 2352 | C134: 2352
A135: 5735 | B135: 2525 | C135: 2525
A136: 6072 | B136: 2087 | C136: 2087
A137: 7627 | B137: 2086 | C137: 2086
A138: 10133 | B138: 2349 | C138: 2349
A139: Grand Total | B139: 22623 | C139: 22623

Sheet Sheet17
A1: Bin | B1: Frequency
A2: 0 | B2: 4
A3: 0.93617021 | B3: 0
A4: 1.8723404 | B4: 4
A5: 2.8085106 | B5: 3
A6: 3.7446809 | B6: 0
A7: 4.6808511 | B7: 128
A8: 5.6170213 | B8: 145
A9: 6.5531915 | B9: 123
A10: 7.4893617 | B10: 149
A11: 8.4255319 | B11: 94
A12: 9.3617021 | B12: 102
A13: 10.297872 | B13: 80
... A48: 43.06383 | B48: 1
A49: More | B49: 1

Sheet Sheet14
A3: Sum of Income | B3: Column Labels
A4: Row Labels | B4: high_income | C4: Grand Total
A5: 1 / 5 response accepted | B5: 20961073 | C5: 20961073
A6: 2/5 campaign accepted | B6: 8724764 | C6: 8724764
A7: 3/5 campaign accepted | B7: 4001580 | C7: 4001580
A8: 4/5 campaign accepted | B8: 2957158 | C8: 2957158
A9: high campaign response | B9: 864344 | C9: 864344
A10: low response | B10: 79446116 | C10: 79446116
A11: Grand Total | B11: 116955035 | C11: 116955035
A28: Sum of Total_purchase | B28: Column Labels
A29: Row Labels | B29: high purchase | C29: Grand Total
A30: 1 / 5 response accepted | B30: 196 | C30: 196
A31: 2/5 campaign accepted | B31: 100 | C31: 100
A32: 3/5 campaign accepted | B32: 32 | C32: 32
A33: low response | B33: 863 | C33: 863
A34: Grand Total | B34: 1191 | C34: 1191
A47: Row Labels | B47: Sum of Total_purchase
A48: 1 / 5 response accepted | B48: 6360
A49: 2/5 campaign accepted | B49: 2564
A50: 3/5 campaign accepted | B50: 1071
A51: 4/5 campaign accepted | B51: 769
A52: high campaign response | B52: 210
A53: low response | B53: 22317
A54: Grand Total | B54: 33291

Sheet strategic bsnes Insights
A1: acceptance category | B1: high campaign response
A3: Row Labels | B3: Count of acceptance category
A4: Divorced | B4: 2
A5: Married | B5: 2
A6: Single | B6: 3
A7: Together | B7: 3
A8: Grand Total | B8: 10
A18: Purchase category | B18: high purchase
A20: Row Labels | B20: Count of Purchase category
A21: 30-45 Youth | B21: 1
A22: 46-61 Old | B22: 20
A23: 62-77 Snr Citizen | B23: 15
A24: Grand Total | B24: 36
A35: Income category | B35: high_income
A37: Row Labels | B37: Count of Income category
A38: Family_with_more_children | B38: 1984
A39: Family_with_one_child | B39: 255
A40: Grand Total | B40: 2239
A61: Income category | B61: high_income
A63: Row Labels | B63: Count of Income category
A64: 2n Cycle | B64: 203
A65: Basic | B65: 54
A66: Graduation | B66: 1126
A67: Master | B67: 370
A68: PhD | B68: 486
A69: Grand Total | B69: 2239
A80: Count of acceptance category | B80: Column Labels
A81: Row Labels | B81: 1 / 5 response accepted | C81: 2/5 campaign accepted | D81: 3/5 campaign accepted | E81: 4/5 campaign accepted | F81: high campaign response | G81: low response | H81: Grand Total
A82: 30-45 Youth | B82: 54 | C82: 37 | D82: 17 | E82: 8 | F82: 3 | G82: 266 | H82: 385
A83: 46-61 Old | B83: 163 | C83: 53 | D83: 22 | E83: 18 | F83: 1 | G83: 812 | H83: 1069
A84: 62-77 Snr Citizen | B84: 142 | C84: 38 | D84: 8 | E84: 10 | F84: 6 | G84: 502 | H84: 706
A85: 78-133 Elder | B85: 11 | C85: 14 | D85: 4 | G85: 51 | H85: 80
A86: Grand Total | B86: 370 | C86: 142 | D86: 51 | E86: 36 | F86: 10 | G86: 1631 | H86: 2240
A106: Count of acceptance category | B106: Column Labels
A107: Row Labels | B107: 1 / 5 response accepted | C107: 2/5 campaign accepted | D107: 3/5 campaign accepted | E107: 4/5 campaign accepted | F107: high campaign response | G107: low response | H107: Grand Total
A108: Absurd | D108: 1 | G108: 1 | H108: 2
A109: Alone | C109: 1 | G109: 2 | H109: 3
A110: Divorced | B110: 41 | C110: 18 | D110: 3 | E110: 5 | F110: 2 | G110: 163 | H110: 232
A111: Married | B111: 128 | C111: 54 | D111: 18 | E111: 15 | F111: 2 | G111: 647 | H111: 864
A112: Single | B112: 88 | C112: 35 | D112: 17 | E112: 5 | F112: 3 | G112: 332 | H112: 480
A113: Together | B113: 97 | C113: 27 | D113: 10 | E113: 8 | F113: 3 | G113: 435 | H113: 580
A114: Widow | B114: 15 | C114: 7 | D114: 2 | E114: 3 | G114: 50 | H114: 77
A115: YOLO | B115: 1 | G115: 1 | H115: 2
A116: Grand Total | B116: 370 | C116: 142 | D116: 51 | E116: 36 | F116: 10 | G116: 1631 | H116: 2240
A127: Count of acceptance category | B127: Column Labels
A128: Row Labels | B128: 1 / 5 response accepted | C128: 2/5 campaign accepted | D128: 3/5 campaign accepted | E128: 4/5 campaign accepted | F128: high campaign response | G128: low response | H128: Grand Total
A129: Family_with_more_children | B129: 307 | C129: 109 | D129: 34 | E129: 24 | F129: 5 | G129: 1505 | H129: 1984
A130: Family_with_one_child | B130: 63 | C130: 33 | D130: 17 | E130: 12 | F130: 5 | G130: 126 | H130: 256
A131: Grand Total | B131: 370 | C131: 142 | D131: 51 | E131: 36 | F131: 10 | G131: 1631 | H131: 2240
D144: Sum of NumCatalogPurchases | E144: Sum of NumStorePurchases | F144: Sum of NumDealsPurchases | G144: Sum of NumWebPurchases
D145: 5963 | E145: 12970 | F145: 5208 | G145: 9150
D146: =GETPIVOTDATA("Sum of NumCatalogPurchases",$D$144) -> 5963 | E146: =GETPIVOTDATA("Sum of NumStorePurchases",$D$144) -> 12970 | F146: =GETPIVOTDATA("Sum of NumDealsPurchases",$D$144) -> 5208 | G146: =GETPIVOTDATA("Sum of NumWebPurchases",$D$144) -> 9150

Sheet marketing_campaign
A1: ID | B1: Year_Birth | C1: Age | D1: Age_Group | E1: Education | F1: Marital_Status | G1: Family_size | H1: Family _category | I1: Income | J1: Income category | K1: Kidhome | L1: Teenhome | M1: Dt_Customer | N1: Recency | O1: Recency Category | P1: MntWines | Q1: MntFruits | R1: MntMeatProducts | S1: MntFishProducts | T1: MntSweetProducts | U1: MntGoldProds | V1: Total Amounts (Qty) | W1: NumDealsPurchases | X1: NumWebPurchases | Y1: NumCatalogPurchases | Z1: NumStorePurchases | AA1: Total_purchase | AB1: Purchase category | AC1: NumWebVisitsMonth | AD1: Category_of_web_visits | AE1: AcceptedCmp3 | AF1: AcceptedCmp4 | AG1: AcceptedCmp5 | AH1: AcceptedCmp1 | AI1: AcceptedCmp2 | AJ1: Complain | AK1: Z_CostContact | AL1: Z_Revenue | AM1: Response | AN1: CampaignAccepted | AO1: acceptance category
A2: 5524 | B2: 1957 | C2: =YEAR(TODAY())-B2 -> 69 | D2: {=_xlfn.IFS(AND(marketing_campaign[[#This Row],[Age]]>=30,marketing_campaign[[#This Row],[Age]]<=45),"30-45 Youth",AND(marketing_campaign[[#This Row],[Age]]>=46,marketing_campaign[[#This Row],[Age]]<=61),"46-61 Old",AND(marketing_campaign[[#This Row],[Age]]>=62,marketing_campaign[[#This Row],[Age]]<=77),"62-77 Snr Citizen",AND(marketing_campaign[[#This Row],[Age]]>=78,marketing_campaign[[#This Row],[Age]]<=133),"78-133 Elder")} -> 62-77 Snr Citizen | E2: Graduation | F2: Single | G2: {=_xlfn.IFS(marketing_campaign[[#This Row],[Marital_Status]]="Single",K2+L2+1,marketing_campaign[[#This Row],[Marital_Status]]="Together",K2+L2+2,marketing_campaign[[#This Row],[Marital_Status]]="Alone",K2+L2+1,marketing_campaign[[#This Row],[Marital_Status]]="Married",K2+L2+2,marketing_campaign[[#This Row],[Marital_Status]]="Divorced",K2+L2+1,marketing_campaign[[#This Row],[Marital_Status]]="YOLO",K2+L2+1,marketing_campaign[[#This Row],[Marital_Status]]="Absurd",K2+L2+1,marketing_campaign[[#This Row],[Marital_Status]]="Widow",K2+L2+1)} -> 1 | H2: {=_xlfn.IFS(marketing_campaign[[#This Row],[Family_size]]=1,"Family_with_one_child",marketing_campaign[[#This Row],[Family_size]]>1,"Family_with_more_children")} -> Family_with_one_child | I2: 58138 | J2: =IF(marketing_campaign[[#This Row],[Income]]>=Sheet21!B52,"high_income","low_income") -> low_income | K2: 0 | L2: 0 | M2: 41156 | N2: 58 | O2: {=_xlfn.IFS(AND(marketing_campaign[[#This Row],[Recency]]>=0,marketing_campaign[[#This Row],[Recency]]<=14),"Early Recency",AND(marketing_campaign[[#This Row],[Recency]]>=15,marketing_campaign[[#This Row],[Recency]]<=31),"Mid-Recency",marketing_campaign[[#This Row],[Recency]]>=32,"high Recency")} -> high Recency | P2: 635 | Q2: 88 | R2: 546 | S2: 172 | T2: 88 | U2: 88 | V2: =marketing_campaign[[#This Row],[MntGoldProds]]+marketing_campaign[[#This Row],[MntSweetProducts]]+marketing_campaign[[#This Row],[MntFishProducts]]+marketing_campaign[[#This Row],[MntMeatProducts]]+marketing_campaign[[#This Row],[MntFruits]]+marketing_campaign[[#This Row],[MntWines]] -> 1617 | W2: 3 | X2: 8 | Y2: 10 | Z2: 4 | AA2: =W2+X2+Y2+Z2 -> 25 | AB2: {=_xlfn.IFS(AND(AA2>=0,AA2<=15),"low purchase",AND(AA2>=16,AA2<=30),"mid purchase",AA2>=31,"high purchase")} -> mid purchase | AC2: 7 | AD2: =IF(marketing_campaign[[#This Row],[NumWebVisitsMonth]]>=5.3,"higher_webvists","lower_webvisits") -> higher_webvists | AE2: 0 | AF2: 0 | AG2: 0 | AH2: 0 | AI2: 0 | AJ2: 0 | AK2: 3 | AL2: 11 | AM2: 1 | AN2: =marketing_campaign[[#This Row],[AcceptedCmp2]]+marketing_campaign[[#This Row],[AcceptedCmp1]]+marketing_campaign[[#This Row],[AcceptedCmp5]]+marketing_campaign[[#This Row],[AcceptedCmp4]]+marketing_campaign[[#This Row],[AcceptedCmp3]]+marketing_campaign[[#This Row],[Response]] -> 1 | AO2: {=_xlfn.IFS(marketing_campaign[[#This Row],[CampaignAccepted]]=0,"low response",marketing_campaign[[#This Row],[CampaignAccepted]]=1,"1 / 5 response accepted",marketing_campaign[[#This Row],[CampaignAccepted]]=2,"2/5 campaign accepted",marketing_campaign[[#This Row],[CampaignAccepted]]=3,"3/5 campaign accepted",marketing_campaign[[#This Row],[CampaignAccepted]]=4,"4/5 campaign accepted",marketing_campaign[[#This Row],[CampaignAccepted]]=5,"high campaign response")} -> 1 / 5 response accepted
A3: 2174 | B3: 1954 | C3: =YEAR(TODAY())-B3 -> 72 | D3: {=_xlfn.IFS(AND(marketing_campaign[[#This Row],[Age]]>=30,marketing_campaign[[#This Row],[Age]]<=45),"30-45 Youth",AND(marketing_campaign[[#This Row],[Age]]>=46,marketing_campaign[[#This Row],[Age]]<=61),"46-61 Old",AND(marketing_campaign[[#This Row],[Age]]>=62,marketing_campaign[[#This Row],[Age]]<=77),"62-77 Snr Citizen",AND(marketing_campaign[[#This Row],[Age]]>=78,marketing_campaign[[#This Row],[Age]]<=133),"78-133 Elder")} -> 62-77 Snr Citizen | E3: Graduation | F3: Single | G3: {=_xlfn.IFS(marketing_campaign[[#This Row],[Marital_Status]]="Single",K3+L3+1,marketing_campaign[[#This Row],[Marital_Status]]="Together",K3+L3+2,marketing_campaign[[#This Row],[Marital_Status]]="Alone",K3+L3+1,marketing_campaign[[#This Row],[Marital_Status]]="Married",K3+L3+2,marketing_campaign[[#This Row],[Marital_Status]]="Divorced",K3+L3+1,marketing_campaign[[#This Row],[Marital_Status]]="YOLO",K3+L3+1,marketing_campaign[[#This Row],[Marital_Status]]="Absurd",K3+L3+1,marketing_campaign[[#This Row],[Marital_Status]]="Widow",K3+L3+1)} -> 3 | H3: {=_xlfn.IFS(marketing_campaign[[#This Row],[Family_size]]=1,"Family_with_one_child",marketing_campaign[[#This Row],[Family_size]]>1,"Family_with_more_children")} -> Family_with_more_children | I3: 46344 | J3: =IF(marketing_campaign[[#This Row],[Income]]>=Sheet21!B53,"high_income","low_income") -> high_income | K3: 1 | L3: 1 | M3: 41706 | N3: 38 | O3: {=_xlfn.IFS(AND(marketing_campaign[[#This Row],[Recency]]>=0,marketing_campaign[[#This Row],[Recency]]<=14),"Early Recency",AND(marketing_campaign[[#This Row],[Recency]]>=15,marketing_campaign[[#This Row],[Recency]]<=31),"Mid-Recency",marketing_campaign[[#This Row],[Recency]]>=32,"high Recency")} -> high Recency | P3: 11 | Q3: 1 | R3: 6 | S3: 2 | T3: 1 | U3: 6 | V3: =marketing_campaign[[#This Row],[MntGoldProds]]+marketing_campaign[[#This Row],[MntSweetProducts]]+marketing_campaign[[#This Row],[MntFishProducts]]+marketing_campaign[[#This Row],[MntMeatProducts]]+marketing_campaign[[#This Row],[MntFruits]]+marketing_campaign[[#This Row],[MntWines]] -> 27 | W3: 2 | X3: 1 | Y3: 1 | Z3: 2 | AA3: =W3+X3+Y3+Z3 -> 6 | AB3: {=_xlfn.IFS(AND(AA3>=0,AA3<=15),"low purchase",AND(AA3>=16,AA3<=30),"mid purchase",AA3>=31,"high purchase")} -> low purchase | AC3: 5 | AD3: =IF(marketing_campaign[[#This Row],[NumWebVisitsMonth]]>=5.3,"higher_webvists","lower_webvisits") -> lower_webvisits | AE3: 0 | AF3: 0 | AG3: 0 | AH3: 0 | AI3: 0 | AJ3: 0 | AK3: 3 | AL3: 11 | AM3: 0 | AN3: =marketing_campaign[[#This Row],[AcceptedCmp2]]+marketing_campaign[[#This Row],[AcceptedCmp1]]+marketing_campaign[[#This Row],[AcceptedCmp5]]+marketing_campaign[[#This Row],[AcceptedCmp4]]+marketing_campaign[[#This Row],[AcceptedCmp3]]+marketing_campaign[[#This Row],[Response]] -> 0 | AO3: {=_xlfn.IFS(marketing_campaign[[#This Row],[CampaignAccepted]]=0,"low response",marketing_campaign[[#This Row],[CampaignAccepted]]=1,"1 / 5 response accepted",marketing_campaign[[#This Row],[CampaignAccepted]]=2,"2/5 campaign accepted",marketing_campaign[[#This Row],[CampaignAccepted]]=3,"3/5 campaign accepted",marketing_campaign[[#This Row],[CampaignAccepted]]=4,"4/5 campaign accepted",marketing_campaign[[#This Row],[CampaignAccepted]]=5,"high campaign response")} -> low response
A4: 4141 | B4: 1965 | C4: =YEAR(TODAY())-B4 -> 61 | D4: {=_xlfn.IFS(AND(marketing_campaign[[#This Row],[Age]]>=30,marketing_campaign[[#This Row],[Age]]<=45),"30-45 Youth",AND(marketing_campaign[[#This Row],[Age]]>=46,marketing_campaign[[#This Row],[Age]]<=61),"46-61 Old",AND(marketing_campaign[[#This Row],[Age]]>=62,marketing_campaign[[#This Row],[Age]]<=77),"62-77 Snr Citizen",AND(marketing_campaign[[#This Row],[Age]]>=78,marketing_campaign[[#This Row],[Age]]<=133),"78-133 Elder")} -> 46-61 Old | E4: Graduation | F4: Together | G4: {=_xlfn.IFS(marketing_campaign[[#This Row],[Marital_Status]]="Single",K4+L4+1,marketing_campaign[[#This Row],[Marital_Status]]="Together",K4+L4+2,marketing_campaign[[#This Row],[Marital_Status]]="Alone",K4+L4+1,marketing_campaign[[#This Row],[Marital_Status]]="Married",K4+L4+2,marketing_campaign[[#This Row],[Marital_Status]]="Divorced",K4+L4+1,marketing_campaign[[#This Row],[Marital_Status]]="YOLO",K4+L4+1,marketing_campaign[[#This Row],[Marital_Status]]="Absurd",K4+L4+1,marketing_campaign[[#This Row],[Marital_Status]]="Widow",K4+L4+1)} -> 2 | H4: {=_xlfn.IFS(marketing_campaign[[#This Row],[Family_size]]=1,"Family_with_one_child",marketing_campaign[[#This Row],[Family_size]]>1,"Family_with_more_children")} -> Family_with_more_children | I4: 71613 | J4: =IF(marketing_campaign[[#This Row],[Income]]>=Sheet21!B54,"high_income","low_income") -> high_income | K4: 0 | L4: 0 | M4: 41507 | N4: 26 | O4: {=_xlfn.IFS(AND(marketing_campaign[[#This Row],[Recency]]>=0,marketing_campaign[[#This Row],[Recency]]<=14),"Early Recency",AND(marketing_campaign[[#This Row],[Recency]]>=15,marketing_campaign[[#This Row],[Recency]]<=31),"Mid-Recency",marketing_campaign[[#This Row],[Recency]]>=32,"high Recency")} -> Mid-Recency | P4: 426 | Q4: 49 | R4: 127 | S4: 111 | T4: 21 | U4: 42 | V4: =marketing_campaign[[#This Row],[MntGoldProds]]+marketing_campaign[[#This Row],[MntSweetProducts]]+marketing_campaign[[#This Row],[MntFishProducts]]+marketing_campaign[[#This Row],[MntMeatProducts]]+marketing_campaign[[#This Row],[MntFruits]]+marketing_campaign[[#This Row],[MntWines]] -> 776 | W4: 1 | X4: 8 | Y4: 2 | Z4: 10 | AA4: =W4+X4+Y4+Z4 -> 21 | AB4: {=_xlfn.IFS(AND(AA4>=0,AA4<=15),"low purchase",AND(AA4>=16,AA4<=30),"mid purchase",AA4>=31,"high purchase")} -> mid purchase | AC4: 4 | AD4: =IF(marketing_campaign[[#This Row],[NumWebVisitsMonth]]>=5.3,"higher_webvists","lower_webvisits") -> lower_webvisits | AE4: 0 | AF4: 0 | AG4: 0 | AH4: 0 | AI4: 0 | AJ4: 0 | AK4: 3 | AL4: 11 | AM4: 0 | AN4: =marketing_campaign[[#This Row],[AcceptedCmp2]]+marketing_campaign[[#This Row],[AcceptedCmp1]]+marketing_campaign[[#This Row],[AcceptedCmp5]]+marketing_campaign[[#This Row],[AcceptedCmp4]]+marketing_campaign[[#This Row],[AcceptedCmp3]]+marketing_campaign[[#This Row],[Response]] -> 0 | AO4: {=_xlfn.IFS(marketing_campaign[[#This Row],[CampaignAccepted]]=0,"low response",marketing_campaign[[#This Row],[CampaignAccepted]]=1,"1 / 5 response accepted",marketing_campaign[[#This Row],[CampaignAccepted]]=2,"2/5 campaign accepted",marketing_campaign[[#This Row],[CampaignAccepted]]=3,"3/5 campaign accepted",marketing_campaign[[#This Row],[CampaignAccepted]]=4,"4/5 campaign accepted",marketing_campaign[[#This Row],[CampaignAccepted]]=5,"high campaign response")} -> low response
A5: 6182 | B5: 1984 | C5: =YEAR(TODAY())-B5 -> 42 | D5: {=_xlfn.IFS(AND(marketing_campaign[[#This Row],[Age]]>=30,marketing_campaign[[#This Row],[Age]]<=45),"30-45 Youth",AND(marketing_campaign[[#This Row],[Age]]>=46,marketing_campaign[[#This Row],[Age]]<=61),"46-61 Old",AND(marketing_campaign[[#This Row],[Age]]>=62,marketing_campaign[[#This Row],[Age]]<=77),"62-77 Snr Citizen",AND(marketing_campaign[[#This Row],[Age]]>=78,marketing_campaign[[#This Row],[Age]]<=133),"78-133 Elder")} -> 30-45 Youth | E5: Graduation | F5: Together | G5: {=_xlfn.IFS(marketing_campaign[[#This Row],[Marital_Status]]="Single",K5+L5+1,marketing_campaign[[#This Row],[Marital_Status]]="Together",K5+L5+2,marketing_campaign[[#This Row],[Marital_Status]]="Alone",K5+L5+1,marketing_campaign[[#This Row],[Marital_Status]]="Married",K5+L5+2,marketing_campaign[[#This Row],[Marital_Status]]="Divorced",K5+L5+1,marketing_campaign[[#This Row],[Marital_Status]]="YOLO",K5+L5+1,marketing_campaign[[#This Row],[Marital_Status]]="Absurd",K5+L5+1,marketing_campaign[[#This Row],[Marital_Status]]="Widow",K5+L5+1)} -> 3 | H5: {=_xlfn.IFS(marketing_campaign[[#This Row],[Family_size]]=1,"Family_with_one_child",marketing_campaign[[#This Row],[Family_size]]>1,"Family_with_more_children")} -> Family_with_more_children | I5: 26646 | J5: =IF(marketing_campaign[[#This Row],[Income]]>=Sheet21!B55,"high_income","low_income") -> high_income | K5: 1 | L5: 0 | M5: 41680 | N5: 26 | O5: {=_xlfn.IFS(AND(marketing_campaign[[#This Row],[Recency]]>=0,marketing_campaign[[#This Row],[Recency]]<=14),"Early Recency",AND(marketing_campaign[[#This Row],[Recency]]>=15,marketing_campaign[[#This Row],[Recency]]<=31),"Mid-Recency",marketing_campaign[[#This Row],[Recency]]>=32,"high Recency")} -> Mid-Recency | P5: 11 | Q5: 4 | R5: 20 | S5: 10 | T5: 3 | U5: 5 | V5: =marketing_campaign[[#This Row],[MntGoldProds]]+marketing_campaign[[#This Row],[MntSweetProducts]]+marketing_campaign[[#This Row],[MntFishProducts]]+marketing_campaign[[#This Row],[MntMeatProducts]]+marketing_campaign[[#This Row],[MntFruits]]+marketing_campaign[[#This Row],[MntWines]] -> 53 | W5: 2 | X5: 2 | Y5: 0 | Z5: 4 | AA5: =W5+X5+Y5+Z5 -> 8 | AB5: {=_xlfn.IFS(AND(AA5>=0,AA5<=15),"low purchase",AND(AA5>=16,AA5<=30),"mid purchase",AA5>=31,"high purchase")} -> low purchase | AC5: 6 | AD5: =IF(marketing_campaign[[#This Row],[NumWebVisitsMonth]]>=5.3,"higher_webvists","lower_webvisits") -> higher_webvists | AE5: 0 | AF5: 0 | AG5: 0 | AH5: 0 | AI5: 0 | AJ5: 0 | AK5: 3 | AL5: 11 | AM5: 0 | AN5: =marketing_campaign[[#This Row],[AcceptedCmp2]]+marketing_campaign[[#This Row],[AcceptedCmp1]]+marketing_campaign[[#This Row],[AcceptedCmp5]]+marketing_campaign[[#This Row],[AcceptedCmp4]]+marketing_campaign[[#This Row],[AcceptedCmp3]]+marketing_campaign[[#This Row],[Response]] -> 0 | AO5: {=_xlfn.IFS(marketing_campaign[[#This Row],[CampaignAccepted]]=0,"low response",marketing_campaign[[#This Row],[CampaignAccepted]]=1,"1 / 5 response accepted",marketing_campaign[[#This Row],[CampaignAccepted]]=2,"2/5 campaign accepted",marketing_campaign[[#This Row],[CampaignAccepted]]=3,"3/5 campaign accepted",marketing_campaign[[#This Row],[CampaignAccepted]]=4,"4/5 campaign accepted",marketing_campaign[[#This Row],[CampaignAccepted]]=5,"high campaign response")} -> low response
A6: 5324 | B6: 1981 | C6: =YEAR(TODAY())-B6 -> 45 | D6: {=_xlfn.IFS(AND(marketing_campaign[[#This Row],[Age]]>=30,marketing_campaign[[#This Row],[Age]]<=45),"30-45 Youth",AND(marketing_campaign[[#This Row],[Age]]>=46,marketing_campaign[[#This Row],[Age]]<=61),"46-61 Old",AND(marketing_campaign[[#This Row],[Age]]>=62,marketing_campaign[[#This Row],[Age]]<=77),"62-77 Snr Citizen",AND(marketing_campaign[[#This Row],[Age]]>=78,marketing_campaign[[#This Row],[Age]]<=133),"78-133 Elder")} -> 30-45 Youth | E6: PhD | F6: Married | G6: {=_xlfn.IFS(marketing_campaign[[#This Row],[Marital_Status]]="Single",K6+L6+1,marketing_campaign[[#This Row],[Marital_Status]]="Together",K6+L6+2,marketing_campaign[[#This Row],[Marital_Status]]="Alone",K6+L6+1,marketing_campaign[[#This Row],[Marital_Status]]="Married",K6+L6+2,marketing_campaign[[#This Row],[Marital_Status]]="Divorced",K6+L6+1,marketing_campaign[[#This Row],[Marital_Status]]="YOLO",K6+L6+1,marketing_campaign[[#This Row],[Marital_Status]]="Absurd",K6+L6+1,marketing_campaign[[#This Row],[Marital_Status]]="Widow",K6+L6+1)} -> 3 | H6: {=_xlfn.IFS(marketing_campaign[[#This Row],[Family_size]]=1,"Family_with_one_child",marketing_campaign[[#This Row],[Family_size]]>1,"Family_with_more_children")} -> Family_with_more_children | I6: 58293 | J6: =IF(marketing_campaign[[#This Row],[Income]]>=Sheet21!B56,"high_income","low_income") -> high_income | K6: 1 | L6: 0 | M6: 41658 | N6: 94 | O6: {=_xlfn.IFS(AND(marketing_campaign[[#This Row],[Recency]]>=0,marketing_campaign[[#This Row],[Recency]]<=14),"Early Recency",AND(marketing_campaign[[#This Row],[Recency]]>=15,marketing_campaign[[#This Row],[Recency]]<=31),"Mid-Recency",marketing_campaign[[#This Row],[Recency]]>=32,"high Recency")} -> high Recency | P6: 173 | Q6: 43 | R6: 118 | S6: 46 | T6: 27 | U6: 15 | V6: =marketing_campaign[[#This Row],[MntGoldProds]]+marketing_campaign[[#This Row],[MntSweetProducts]]+marketing_campaign[[#This Row],[MntFishProducts]]+marketing_campaign[[#This Row],[MntMeatProducts]]+marketing_campaign[[#This Row],[MntFruits]]+marketing_campaign[[#This Row],[MntWines]] -> 422 | W6: 5 | X6: 5 | Y6: 3 | Z6: 6 | AA6: =W6+X6+Y6+Z6 -> 19 | AB6: {=_xlfn.IFS(AND(AA6>=0,AA6<=15),"low purchase",AND(AA6>=16,AA6<=30),"mid purchase",AA6>=31,"high purchase")} -> mid purchase | AC6: 5 | AD6: =IF(marketing_campaign[[#This Row],[NumWebVisitsMonth]]>=5.3,"higher_webvists","lower_webvisits") -> lower_webvisits | AE6: 0 | AF6: 0 | AG6: 0 | AH6: 0 | AI6: 0 | AJ6: 0 | AK6: 3 | AL6: 11 | AM6: 0 | AN6: =marketing_campaign[[#This Row],[AcceptedCmp2]]+marketing_campaign[[#This Row],[AcceptedCmp1]]+marketing_campaign[[#This Row],[AcceptedCmp5]]+marketing_campaign[[#This Row],[AcceptedCmp4]]+marketing_campaign[[#This Row],[AcceptedCmp3]]+marketing_campaign[[#This Row],[Response]] -> 0 | AO6: {=_xlfn.IFS(marketing_campaign[[#This Row],[CampaignAccepted]]=0,"low response",marketing_campaign[[#This Row],[CampaignAccepted]]=1,"1 / 5 response accepted",marketing_campaign[[#This Row],[CampaignAccepted]]=2,"2/5 campaign accepted",marketing_campaign[[#This Row],[CampaignAccepted]]=3,"3/5 campaign accepted",marketing_campaign[[#This Row],[CampaignAccepted]]=4,"4/5 campaign accepted",marketing_campaign[[#This Row],[CampaignAccepted]]=5,"high campaign response")} -> low response
A7: 7446 | B7: 1967 | C7: =YEAR(TODAY())-B7 -> 59 | D7: {=_xlfn.IFS(AND(marketing_campaign[[#This Row],[Age]]>=30,marketing_campaign[[#This Row],[Age]]<=45),"30-45 Youth",AND(marketing_campaign[[#This Row],[Age]]>=46,marketing_campaign[[#This Row],[Age]]<=61),"46-61 Old",AND(marketing_campaign[[#This Row],[Age]]>=62,marketing_campaign[[#This Row],[Age]]<=77),"62-77 Snr Citizen",AND(marketing_campaign[[#This Row],[Age]]>=78,marketing_campaign[[#This Row],[Age]]<=133),"78-133 Elder")} -> 46-61 Old | E7: Master | F7: Together | G7: {=_xlfn.IFS(marketing_campaign[[#This Row],[Marital_Status]]="Single",K7+L7+1,marketing_campaign[[#This Row],[Marital_Status]]="Together",K7+L7+2,marketing_campaign[[#This Row],[Marital_Status]]="Alone",K7+L7+1,marketing_campaign[[#This Row],[Marital_Status]]="Married",K7+L7+2,marketing_campaign[[#This Row],[Marital_Status]]="Divorced",K7+L7+1,marketing_campaign[[#This Row],[Marital_Status]]="YOLO",K7+L7+1,marketing_campaign[[#This Row],[Marital_Status]]="Absurd",K7+L7+1,marketing_campaign[[#This Row],[Marital_Status]]="Widow",K7+L7+1)} -> 3 | H7: {=_xlfn.IFS(marketing_campaign[[#This Row],[Family_size]]=1,"Family_with_one_child",marketing_campaign[[#This Row],[Family_size]]>1,"Family_with_more_children")} -> Family_with_more_children | I7: 62513 | J7: =IF(marketing_campaign[[#This Row],[Income]]>=Sheet21!B57,"high_income","low_income") -> high_income | K7: 0 | L7: 1 | M7: 41526 | N7: 16 | O7: {=_xlfn.IFS(AND(marketing_campaign[[#This Row],[Recency]]>=0,marketing_campaign[[#This Row],[Recency]]<=14),"Early Recency",AND(marketing_campaign[[#This Row],[Recency]]>=15,marketing_campaign[[#This Row],[Recency]]<=31),"Mid-Recency",marketing_campaign[[#This Row],[Recency]]>=32,"high Recency")} -> Mid-Recency | P7: 520 | Q7: 42 | R7: 98 | S7: 0 | T7: 42 | U7: 14 | V7: =marketing_campaign[[#This Row],[MntGoldProds]]+marketing_campaign[[#This Row],[MntSweetProducts]]+marketing_campaign[[#This Row],[MntFishProducts]]+marketing_campaign[[#This Row],[MntMeatProducts]]+marketing_campaign[[#This Row],[MntFruits]]+marketing_campaign[[#This Row],[MntWines]] -> 716 | W7: 2 | X7: 6 | Y7: 4 | Z7: 10 | AA7: =W7+X7+Y7+Z7 -> 22 | AB7: {=_xlfn.IFS(AND(AA7>=0,AA7<=15),"low purchase",AND(AA7>=16,AA7<=30),"mid purchase",AA7>=31,"high purchase")} -> mid purchase | AC7: 6 | AD7: =IF(marketing_campaign[[#This Row],[NumWebVisitsMonth]]>=5.3,"higher_webvists","lower_webvisits") -> higher_webvists | AE7: 0 | AF7: 0 | AG7: 0 | AH7: 0 | AI7: 0 | AJ7: 0 | AK7: 3 | AL7: 11 | AM7: 0 | AN7: =marketing_campaign[[#This Row],[AcceptedCmp2]]+marketing_campaign[[#This Row],[AcceptedCmp1]]+marketing_campaign[[#This Row],[AcceptedCmp5]]+marketing_campaign[[#This Row],[AcceptedCmp4]]+marketing_campaign[[#This Row],[AcceptedCmp3]]+marketing_campaign[[#This Row],[Response]] -> 0 | AO7: {=_xlfn.IFS(marketing_campaign[[#This Row],[CampaignAccepted]]=0,"low response",marketing_campaign[[#This Row],[CampaignAccepted]]=1,"1 / 5 response accepted",marketing_campaign[[#This Row],[CampaignAccepted]]=2,"2/5 campaign accepted",marketing_campaign[[#This Row],[CampaignAccepted]]=3,"3/5 campaign accepted",marketing_campaign[[#This Row],[CampaignAccepted]]=4,"4/5 campaign accepted",marketing_campaign[[#This Row],[CampaignAccepted]]=5,"high campaign response")} -> low response
A8: 965 | B8: 1971 | C8: =YEAR(TODAY())-B8 -> 55 | D8: {=_xlfn.IFS(AND(marketing_campaign[[#This Row],[Age]]>=30,marketing_campaign[[#This Row],[Age]]<=45),"30-45 Youth",AND(marketing_campaign[[#This Row],[Age]]>=46,marketing_campaign[[#This Row],[Age]]<=61),"46-61 Old",AND(marketing_campaign[[#This Row],[Age]]>=62,marketing_campaign[[#This Row],[Age]]<=77),"62-77 Snr Citizen",AND(marketing_campaign[[#This Row],[Age]]>=78,marketing_campaign[[#This Row],[Age]]<=133),"78-133 Elder")} -> 46-61 Old | E8: Graduation | F8: Divorced | G8: {=_xlfn.IFS(marketing_campaign[[#This Row],[Marital_Status]]="Single",K8+L8+1,marketing_campaign[[#This Row],[Marital_Status]]="Together",K8+L8+2,marketing_campaign[[#This Row],[Marital_Status]]="Alone",K8+L8+1,marketing_campaign[[#This Row],[Marital_Status]]="Married",K8+L8+2,marketing_campaign[[#This Row],[Marital_Status]]="Divorced",K8+L8+1,marketing_campaign[[#This Row],[Marital_Status]]="YOLO",K8+L8+1,marketing_campaign[[#This Row],[Marital_Status]]="Absurd",K8+L8+1,marketing_campaign[[#This Row],[Marital_Status]]="Widow",K8+L8+1)} -> 2 | H8: {=_xlfn.IFS(marketing_campaign[[#This Row],[Family_size]]=1,"Family_with_one_child",marketing_campaign[[#This Row],[Family_size]]>1,"Family_with_more_children")} -> Family_with_more_children | I8: 55635 | J8: =IF(marketing_campaign[[#This Row],[Income]]>=Sheet21!B58,"high_income","low_income") -> high_income | K8: 0 | L8: 1 | M8: 41226 | N8: 34 | O8: {=_xlfn.IFS(AND(marketing_campaign[[#This Row],[Recency]]>=0,marketing_campaign[[#This Row],[Recency]]<=14),"Early Recency",AND(marketing_campaign[[#This Row],[Recency]]>=15,marketing_campaign[[#This Row],[Recency]]<=31),"Mid-Recency",marketing_campaign[[#This Row],[Recency]]>=32,"high Recency")} -> high Recency | P8: 235 | Q8: 65 | R8: 164 | S8: 50 | T8: 49 | U8: 27 | V8: =marketing_campaign[[#This Row],[MntGoldProds]]+marketing_campaign[[#This Row],[MntSweetProducts]]+marketing_campaign[[#This Row],[MntFishProducts]]+marketing_campaign[[#This Row],[MntMeatProducts]]+marketing_campaign[[#This Row],[MntFruits]]+marketing_campaign[[#This Row],[MntWines]] -> 590 | W8: 4 | X8: 7 | Y8: 3 | Z8: 7 | AA8: =W8+X8+Y8+Z8 -> 21 | AB8: {=_xlfn.IFS(AND(AA8>=0,AA8<=15),"low purchase",AND(AA8>=16,AA8<=30),"mid purchase",AA8>=31,"high purchase")} -> mid purchase | AC8: 6 | AD8: =IF(marketing_campaign[[#This Row],[NumWebVisitsMonth]]>=5.3,"higher_webvists","lower_webvisits") -> higher_webvists | AE8: 0 | AF8: 0 | AG8: 0 | AH8: 0 | AI8: 0 | AJ8: 0 | AK8: 3 | AL8: 11 | AM8: 0 | AN8: =marketing_campaign[[#This Row],[AcceptedCmp2]]+marketing_campaign[[#This Row],[AcceptedCmp1]]+marketing_campaign[[#This Row],[AcceptedCmp5]]+marketing_campaign[[#This Row],[AcceptedCmp4]]+marketing_campaign[[#This Row],[AcceptedCmp3]]+marketing_campaign[[#This Row],[Response]] -> 0 | AO8: {=_xlfn.IFS(marketing_campaign[[#This Row],[CampaignAccepted]]=0,"low response",marketing_campaign[[#This Row],[CampaignAccepted]]=1,"1 / 5 response accepted",marketing_campaign[[#This Row],[CampaignAccepted]]=2,"2/5 campaign accepted",marketing_campaign[[#This Row],[CampaignAccepted]]=3,"3/5 campaign accepted",marketing_campaign[[#This Row],[CampaignAccepted]]=4,"4/5 campaign accepted",marketing_campaign[[#This Row],[CampaignAccepted]]=5,"high campaign response")} -> low response
A9: 6177 | B9: 1985 | C9: =YEAR(TODAY())-B9 -> 41 | D9: {=_xlfn.IFS(AND(marketing_campaign[[#This Row],[Age]]>=30,marketing_campaign[[#This Row],[Age]]<=45),"30-45 Youth",AND(marketing_campaign[[#This Row],[Age]]>=46,marketing_campaign[[#This Row],[Age]]<=61),"46-61 Old",AND(marketing_campaign[[#This Row],[Age]]>=62,marketing_campaign[[#This Row],[Age]]<=77),"62-77 Snr Citizen",AND(marketing_campaign[[#This Row],[Age]]>=78,marketing_campaign[[#This Row],[Age]]<=133),"78-133 Elder")} -> 30-45 Youth | E9: PhD | F9: Married | G9: {=_xlfn.IFS(marketing_campaign[[#This Row],[Marital_Status]]="Single",K9+L9+1,marketing_campaign[[#This Row],[Marital_Status]]="Together",K9+L9+2,marketing_campaign[[#This Row],[Marital_Status]]="Alone",K9+L9+1,marketing_campaign[[#This Row],[Marital_Status]]="Married",K9+L9+2,marketing_campaign[[#This Row],[Marital_Status]]="Divorced",K9+L9+1,marketing_campaign[[#This Row],[Marital_Status]]="YOLO",K9+L9+1,marketing_campaign[[#This Row],[Marital_Status]]="Absurd",K9+L9+1,marketing_campaign[[#This Row],[Marital_Status]]="Widow",K9+L9+1)} -> 3 | H9: {=_xlfn.IFS(marketing_campaign[[#This Row],[Family_size]]=1,"Family_with_one_child",marketing_campaign[[#This Row],[Family_size]]>1,"Family_with_more_children")} -> Family_with_more_children | I9: 33454 | J9: =IF(marketing_campaign[[#This Row],[Income]]>=Sheet21!B59,"high_income","low_income") -> high_income | K9: 1 | L9: 0 | M9: 41402 | N9: 32 | O9: {=_xlfn.IFS(AND(marketing_campaign[[#This Row],[Recency]]>=0,marketing_campaign[[#This Row],[Recency]]<=14),"Early Recency",AND(marketing_campaign[[#This Row],[Recency]]>=15,marketing_campaign[[#This Row],[Recency]]<=31),"Mid-Recency",marketing_campaign[[#This Row],[Recency]]>=32,"high Recency")} -> high Recency | P9: 76 | Q9: 10 | R9: 56 | S9: 3 | T9: 1 | U9: 23 | V9: =marketing_campaign[[#This Row],[MntGoldProds]]+marketing_campaign[[#This Row],[MntSweetProducts]]+marketing_campaign[[#This Row],[MntFishProducts]]+marketing_campaign[[#This Row],[MntMeatProducts]]+marketing_campaign[[#This Row],[MntFruits]]+marketing_campaign[[#This Row],[MntWines]] -> 169 | W9: 2 | X9: 4 | Y9: 0 | Z9: 4 | AA9: =W9+X9+Y9+Z9 -> 10 | AB9: {=_xlfn.IFS(AND(AA9>=0,AA9<=15),"low purchase",AND(AA9>=16,AA9<=30),"mid purchase",AA9>=31,"high purchase")} -> low purchase | AC9: 8 | AD9: =IF(marketing_campaign[[#This Row],[NumWebVisitsMonth]]>=5.3,"higher_webvists","lower_webvisits") -> higher_webvists | AE9: 0 | AF9: 0 | AG9: 0 | AH9: 0 | AI9: 0 | AJ9: 0 | AK9: 3 | AL9: 11 | AM9: 0 | AN9: =marketing_campaign[[#This Row],[AcceptedCmp2]]+marketing_campaign[[#This Row],[AcceptedCmp1]]+marketing_campaign[[#This Row],[AcceptedCmp5]]+marketing_campaign[[#This Row],[AcceptedCmp4]]+marketing_campaign[[#This Row],[AcceptedCmp3]]+marketing_campaign[[#This Row],[Response]] -> 0 | AO9: {=_xlfn.IFS(marketing_campaign[[#This Row],[CampaignAccepted]]=0,"low response",marketing_campaign[[#This Row],[CampaignAccepted]]=1,"1 / 5 response accepted",marketing_campaign[[#This Row],[CampaignAccepted]]=2,"2/5 campaign accepted",marketing_campaign[[#This Row],[CampaignAccepted]]=3,"3/5 campaign accepted",marketing_campaign[[#This Row],[CampaignAccepted]]=4,"4/5 campaign accepted",marketing_campaign[[#This Row],[CampaignAccepted]]=5,"high campaign response")} -> low response
A10: 4855 | B10: 1974 | C10: =YEAR(TODAY())-B10 -> 52 | D10: {=_xlfn.IFS(AND(marketing_campaign[[#This Row],[Age]]>=30,marketing_campaign[[#This Row],[Age]]<=45),"30-45 Youth",AND(marketing_campaign[[#This Row],[Age]]>=46,marketing_campaign[[#This Row],[Age]]<=61),"46-61 Old",AND(marketing_campaign[[#This Row],[Age]]>=62,marketing_campaign[[#This Row],[Age]]<=77),"62-77 Snr Citizen",AND(marketing_campaign[[#This Row],[Age]]>=78,marketing_campaign[[#This Row],[Age]]<=133),"78-133 Elder")} -> 46-61 Old | E10: PhD | F10: Together | G10: {=_xlfn.IFS(marketing_campaign[[#This Row],[Marital_Status]]="Single",K10+L10+1,marketing_campaign[[#This Row],[Marital_Status]]="Together",K10+L10+2,marketing_campaign[[#This Row],[Marital_Status]]="Alone",K10+L10+1,marketing_campaign[[#This Row],[Marital_Status]]="Married",K10+L10+2,marketing_campaign[[#This Row],[Marital_Status]]="Divorced",K10+L10+1,marketing_campaign[[#This Row],[Marital_Status]]="YOLO",K10+L10+1,marketing_campaign[[#This Row],[Marital_Status]]="Absurd",K10+L10+1,marketing_campaign[[#This Row],[Marital_Status]]="Widow",K10+L10+1)} -> 3 | H10: {=_xlfn.IFS(marketing_campaign[[#This Row],[Family_size]]=1,"Family_with_one_child",marketing_campaign[[#This Row],[Family_size]]>1,"Family_with_more_children")} -> Family_with_more_children | I10: 30351 | J10: =IF(marketing_campaign[[#This Row],[Income]]>=Sheet21!B60,"high_income","low_income") -> high_income | K10: 1 | L10: 0 | M10: 41431 | N10: 19 | O10: {=_xlfn.IFS(AND(marketing_campaign[[#This Row],[Recency]]>=0,marketing_campaign[[#This Row],[Recency]]<=14),"Early Recency",AND(marketing_campaign[[#This Row],[Recency]]>=15,marketing_campaign[[#This Row],[Recency]]<=31),"Mid-Recency",marketing_campaign[[#This Row],[Recency]]>=32,"high Recency")} -> Mid-Recency | P10: 14 | Q10: 0 | R10: 24 | S10: 3 | T10: 3 | U10: 2 | V10: =marketing_campaign[[#This Row],[MntGoldProds]]+marketing_campaign[[#This Row],[MntSweetProducts]]+marketing_campaign[[#This Row],[MntFishProducts]]+marketing_campaign[[#This Row],[MntMeatProducts]]+marketing_campaign[[#This Row],[MntFruits]]+marketing_campaign[[#This Row],[MntWines]] -> 46 | W10: 1 | X10: 3 | Y10: 0 | Z10: 2 | AA10: =W10+X10+Y10+Z10 -> 6 | AB10: {=_xlfn.IFS(AND(AA10>=0,AA10<=15),"low purchase",AND(AA10>=16,AA10<=30),"mid purchase",AA10>=31,"high purchase")} -> low purchase | AC10: 9 | AD10: =IF(marketing_campaign[[#This Row],[NumWebVisitsMonth]]>=5.3,"higher_webvists","lower_webvisits") -> higher_webvists | AE10: 0 | AF10: 0 | AG10: 0 | AH10: 0 | AI10: 0 | AJ10: 0 | AK10: 3 | AL10: 11 | AM10: 1 | AN10: =marketing_campaign[[#This Row],[AcceptedCmp2]]+marketing_campaign[[#This Row],[AcceptedCmp1]]+marketing_campaign[[#This Row],[AcceptedCmp5]]+marketing_campaign[[#This Row],[AcceptedCmp4]]+marketing_campaign[[#This Row],[AcceptedCmp3]]+marketing_campaign[[#This Row],[Response]] -> 1 | AO10: {=_xlfn.IFS(marketing_campaign[[#This Row],[CampaignAccepted]]=0,"low response",marketing_campaign[[#This Row],[CampaignAccepted]]=1,"1 / 5 response accepted",marketing_campaign[[#This Row],[CampaignAccepted]]=2,"2/5 campaign accepted",marketing_campaign[[#This Row],[CampaignAccepted]]=3,"3/5 campaign accepted",marketing_campaign[[#This Row],[CampaignAccepted]]=4,"4/5 campaign accepted",marketing_campaign[[#This Row],[CampaignAccepted]]=5,"high campaign response")} -> 1 / 5 response accepted
A11: 5899 | B11: 1950 | C11: =YEAR(TODAY())-B11 -> 76 | D11: {=_xlfn.IFS(AND(marketing_campaign[[#This Row],[Age]]>=30,marketing_campaign[[#This Row],[Age]]<=45),"30-45 Youth",AND(marketing_campaign[[#This Row],[Age]]>=46,marketing_campaign[[#This Row],[Age]]<=61),"46-61 Old",AND(marketing_campaign[[#This Row],[Age]]>=62,marketing_campaign[[#This Row],[Age]]<=77),"62-77 Snr Citizen",AND(marketing_campaign[[#This Row],[Age]]>=78,marketing_campaign[[#This Row],[Age]]<=133),"78-133 Elder")} -> 62-77 Snr Citizen | E11: PhD | F11: Together | G11: {=_xlfn.IFS(marketing_campaign[[#This Row],[Marital_Status]]="Single",K11+L11+1,marketing_campaign[[#This Row],[Marital_Status]]="Together",K11+L11+2,marketing_campaign[[#This Row],[Marital_Status]]="Alone",K11+L11+1,marketing_campaign[[#This Row],[Marital_Status]]="Married",K11+L11+2,marketing_campaign[[#This Row],[Marital_Status]]="Divorced",K11+L11+1,marketing_campaign[[#This Row],[Marital_Status]]="YOLO",K11+L11+1,marketing_campaign[[#This Row],[Marital_Status]]="Absurd",K11+L11+1,marketing_campaign[[#This Row],[Marital_Status]]="Widow",K11+L11+1)} -> 4 | H11: {=_xlfn.IFS(marketing_campaign[[#This Row],[Family_size]]=1,"Family_with_one_child",marketing_campaign[[#This Row],[Family_size]]>1,"Family_with_more_children")} -> Family_with_more_children | I11: 5648 | J11: =IF(marketing_campaign[[#This Row],[Income]]>=Sheet21!B61,"high_income","low_income") -> high_income | K11: 1 | L11: 1 | M11: 41711 | N11: 68 | O11: {=_xlfn.IFS(AND(marketing_campaign[[#This Row],[Recency]]>=0,marketing_campaign[[#This Row],[Recency]]<=14),"Early Recency",AND(marketing_campaign[[#This Row],[Recency]]>=15,marketing_campaign[[#This Row],[Recency]]<=31),"Mid-Recency",marketing_campaign[[#This Row],[Recency]]>=32,"high Recency")} -> high Recency | P11: 28 | Q11: 0 | R11: 6 | S11: 1 | T11: 1 | U11: 13 | V11: =marketing_campaign[[#This Row],[MntGoldProds]]+marketing_campaign[[#This Row],[MntSweetProducts]]+marketing_campaign[[#This Row],[MntFishProducts]]+marketing_campaign[[#This Row],[MntMeatProducts]]+marketing_campaign[[#This Row],[MntFruits]]+marketing_campaign[[#This Row],[MntWines]] -> 49 | W11: 1 | X11: 1 | Y11: 0 | Z11: 0 | AA11: =W11+X11+Y11+Z11 -> 2 | AB11: {=_xlfn.IFS(AND(AA11>=0,AA11<=15),"low purchase",AND(AA11>=16,AA11<=30),"mid purchase",AA11>=31,"high purchase")} -> low purchase | AC11: 20 | AD11: =IF(marketing_campaign[[#This Row],[NumWebVisitsMonth]]>=5.3,"higher_webvists","lower_webvisits") -> higher_webvists | AE11: 1 | AF11: 0 | AG11: 0 | AH11: 0 | AI11: 0 | AJ11: 0 | AK11: 3 | AL11: 11 | AM11: 0 | AN11: =marketing_campaign[[#This Row],[AcceptedCmp2]]+marketing_campaign[[#This Row],[AcceptedCmp1]]+marketing_campaign[[#This Row],[AcceptedCmp5]]+marketing_campaign[[#This Row],[AcceptedCmp4]]+marketing_campaign[[#This Row],[AcceptedCmp3]]+marketing_campaign[[#This Row],[Response]] -> 1 | AO11: {=_xlfn.IFS(marketing_campaign[[#This Row],[CampaignAccepted]]=0,"low response",marketing_campaign[[#This Row],[CampaignAccepted]]=1,"1 / 5 response accepted",marketing_campaign[[#This Row],[CampaignAccepted]]=2,"2/5 campaign accepted",marketing_campaign[[#This Row],[CampaignAccepted]]=3,"3/5 campaign accepted",marketing_campaign[[#This Row],[CampaignAccepted]]=4,"4/5 campaign accepted",marketing_campaign[[#This Row],[CampaignAccepted]]=5,"high campaign response")} -> 1 / 5 response accepted
A12: 1994 | B12: 1983 | C12: =YEAR(TODAY())-B12 -> 43 | D12: {=_xlfn.IFS(AND(marketing_campaign[[#This Row],[Age]]>=30,marketing_campaign[[#This Row],[Age]]<=45),"30-45 Youth",AND(marketing_campaign[[#This Row],[Age]]>=46,marketing_campaign[[#This Row],[Age]]<=61),"46-61 Old",AND(marketing_campaign[[#This Row],[Age]]>=62,marketing_campaign[[#This Row],[Age]]<=77),"62-77 Snr Citizen",AND(marketing_campaign[[#This Row],[Age]]>=78,marketing_campaign[[#This Row],[Age]]<=133),"78-133 Elder")} -> 30-45 Youth | E12: Graduation | F12: Married | G12: {=_xlfn.IFS(marketing_campaign[[#This Row],[Marital_Status]]="Single",K12+L12+1,marketing_campaign[[#This Row],[Marital_Status]]="Together",K12+L12+2,marketing_campaign[[#This Row],[Marital_Status]]="Alone",K12+L12+1,marketing_campaign[[#This Row],[Marital_Status]]="Married",K12+L12+2,marketing_campaign[[#This Row],[Marital_Status]]="Divorced",K12+L12+1,marketing_campaign[[#This Row],[Marital_Status]]="YOLO",K12+L12+1,marketing_campaign[[#This Row],[Marital_Status]]="Absurd",K12+L12+1,marketing_campaign[[#This Row],[Marital_Status]]="Widow",K12+L12+1)} -> 3 | H12: {=_xlfn.IFS(marketing_campaign[[#This Row],[Family_size]]=1,"Family_with_one_child",marketing_campaign[[#This Row],[Family_size]]>1,"Family_with_more_children")} -> Family_with_more_children | I12: 51386 | J12: =IF(marketing_campaign[[#This Row],[Income]]>=Sheet21!B62,"high_income","low_income") -> high_income | K12: 1 | L12: 0 | M12: 41593 | N12: 11 | O12: {=_xlfn.IFS(AND(marketing_campaign[[#This Row],[Recency]]>=0,marketing_campaign[[#This Row],[Recency]]<=14),"Early Recency",AND(marketing_campaign[[#This Row],[Recency]]>=15,marketing_campaign[[#This Row],[Recency]]<=31),"Mid-Recency",marketing_campaign[[#This Row],[Recency]]>=32,"high Recency")} -> Early Recency | P12: 5 | Q12: 5 | R12: 6 | S12: 0 | T12: 2 | U12: 1 | V12: =marketing_campaign[[#This Row],[MntGoldProds]]+marketing_campaign[[#This Row],[MntSweetProducts]]+marketing_campaign[[#This Row],[MntFishProducts]]+marketing_campaign[[#This Row],[MntMeatProducts]]+marketing_campaign[[#This Row],[MntFruits]]+marketing_campaign[[#This Row],[MntWines]] -> 19 | W12: 1 | X12: 1 | Y12: 0 | Z12: 2 | AA12: =W12+X12+Y12+Z12 -> 4 | AB12: {=_xlfn.IFS(AND(AA12>=0,AA12<=15),"low purchase",AND(AA12>=16,AA12<=30),"mid purchase",AA12>=31,"high purchase")} -> low purchase | AC12: 7 | AD12: =IF(marketing_campaign[[#This Row],[NumWebVisitsMonth]]>=5.3,"higher_webvists","lower_webvisits") -> higher_webvists | AE12: 0 | AF12: 0 | AG12: 0 | AH12: 0 | AI12: 0 | AJ12: 0 | AK12: 3 | AL12: 11 | AM12: 0 | AN12: =marketing_campaign[[#This Row],[AcceptedCmp2]]+marketing_campaign[[#This Row],[AcceptedCmp1]]+marketing_campaign[[#This Row],[AcceptedCmp5]]+marketing_campaign[[#This Row],[AcceptedCmp4]]+marketing_campaign[[#This Row],[AcceptedCmp3]]+marketing_campaign[[#This Row],[Response]] -> 0 | AO12: {=_xlfn.IFS(marketing_campaign[[#This Row],[CampaignAccepted]]=0,"low response",marketing_campaign[[#This Row],[CampaignAccepted]]=1,"1 / 5 response accepted",marketing_campaign[[#This Row],[CampaignAccepted]]=2,"2/5 campaign accepted",marketing_campaign[[#This Row],[CampaignAccepted]]=3,"3/5 campaign accepted",marketing_campaign[[#This Row],[CampaignAccepted]]=4,"4/5 campaign accepted",marketing_campaign[[#This Row],[CampaignAccepted]]=5,"high campaign response")} -> low response
A13: 387 | B13: 1976 | C13: =YEAR(TODAY())-B13 -> 50 | D13: {=_xlfn.IFS(AND(marketing_campaign[[#This Row],[Age]]>=30,marketing_campaign[[#This Row],[Age]]<=45),"30-45 Youth",AND(marketing_campaign[[#This Row],[Age]]>=46,marketing_campaign[[#This Row],[Age]]<=61),"46-61 Old",AND(marketing_campaign[[#This Row],[Age]]>=62,marketing_campaign[[#This Row],[Age]]<=77),"62-77 Snr Citizen",AND(marketing_campaign[[#This Row],[Age]]>=78,marketing_campaign[[#This Row],[Age]]<=133),"78-133 Elder")} -> 46-61 Old | E13: Basic | F13: Married | G13: {=_xlfn.IFS(marketing_campaign[[#This Row],[Marital_Status]]="Single",K13+L13+1,marketing_campaign[[#This Row],[Marital_Status]]="Together",K13+L13+2,marketing_campaign[[#This Row],[Marital_Status]]="Alone",K13+L13+1,marketing_campaign[[#This Row],[Marital_Status]]="Married",K13+L13+2,marketing_campaign[[#This Row],[Marital_Status]]="Divorced",K13+L13+1,marketing_campaign[[#This Row],[Marital_Status]]="YOLO",K13+L13+1,marketing_campaign[[#This Row],[Marital_Status]]="Absurd",K13+L13+1,marketing_campaign[[#This Row],[Marital_Status]]="Widow",K13+L13+1)} -> 2 | H13: {=_xlfn.IFS(marketing_campaign[[#This Row],[Family_size]]=1,"Family_with_one_child",marketing_campaign[[#This Row],[Family_size]]>1,"Family_with_more_children")} -> Family_with_more_children | I13: 7500 | J13: =IF(marketing_campaign[[#This Row],[Income]]>=Sheet21!B63,"high_income","low_income") -> high_income | K13: 0 | L13: 0 | M13: 41226 | N13: 59 | O13: {=_xlfn.IFS(AND(marketing_campaign[[#This Row],[Recency]]>=0,marketing_campaign[[#This Row],[Recency]]<=14),"Early Recency",AND(marketing_campaign[[#This Row],[Recency]]>=15,marketing_campaign[[#This Row],[Recency]]<=31),"Mid-Recency",marketing_campaign[[#This Row],[Recency]]>=32,"high Recency")} -> high Recency | P13: 6 | Q13: 16 | R13: 11 | S13: 11 | T13: 1 | U13: 16 | V13: =marketing_campaign[[#This Row],[MntGoldProds]]+marketing_campaign[[#This Row],[MntSweetProducts]]+marketing_campaign[[#This Row],[MntFishProducts]]+marketing_campaign[[#This Row],[MntMeatProducts]]+marketing_campaign[[#This Row],[MntFruits]]+marketing_campaign[[#This Row],[MntWines]] -> 61 | W13: 1 | X13: 2 | Y13: 0 | Z13: 3 | AA13: =W13+X13+Y13+Z13 -> 6 | AB13: {=_xlfn.IFS(AND(AA13>=0,AA13<=15),"low purchase",AND(AA13>=16,AA13<=30),"mid purchase",AA13>=31,"high purchase")} -> low purchase | AC13: 8 | AD13: =IF(marketing_campaign[[#This Row],[NumWebVisitsMonth]]>=5.3,"higher_webvists","lower_webvisits") -> higher_webvists | AE13: 0 | AF13: 0 | AG13: 0 | AH13: 0 | AI13: 0 | AJ13: 0 | AK13: 3 | AL13: 11 | AM13: 0 | AN13: =marketing_campaign[[#This Row],[AcceptedCmp2]]+marketing_campaign[[#This Row],[AcceptedCmp1]]+marketing_campaign[[#This Row],[AcceptedCmp5]]+marketing_campaign[[#This Row],[AcceptedCmp4]]+marketing_campaign[[#This Row],[AcceptedCmp3]]+marketing_campaign[[#This Row],[Response]] -> 0 | AO13: {=_xlfn.IFS(marketing_campaign[[#This Row],[CampaignAccepted]]=0,"low response",marketing_campaign[[#This Row],[CampaignAccepted]]=1,"1 / 5 response accepted",marketing_campaign[[#This Row],[CampaignAccepted]]=2,"2/5 campaign accepted",marketing_campaign[[#This Row],[CampaignAccepted]]=3,"3/5 campaign accepted",marketing_campaign[[#This Row],[CampaignAccepted]]=4,"4/5 campaign accepted",marketing_campaign[[#This Row],[CampaignAccepted]]=5,"high campaign response")} -> low response
... A2241: 9405 | B2241: 1954 | C2241: =YEAR(TODAY())-B2241 -> 72 | D2241: {=_xlfn.IFS(AND(marketing_campaign[[#This Row],[Age]]>=30,marketing_campaign[[#This Row],[Age]]<=45),"30-45 Youth",AND(marketing_campaign[[#This Row],[Age]]>=46,marketing_campaign[[#This Row],[Age]]<=61),"46-61 Old",AND(marketing_campaign[[#This Row],[Age]]>=62,marketing_campaign[[#This Row],[Age]]<=77),"62-77 Snr Citizen",AND(marketing_campaign[[#This Row],[Age]]>=78,marketing_campaign[[#This Row],[Age]]<=133),"78-133 Elder")} -> 62-77 Snr Citizen | E2241: PhD | F2241: Married | G2241: {=_xlfn.IFS(marketing_campaign[[#This Row],[Marital_Status]]="Single",K2241+L2241+1,marketing_campaign[[#This Row],[Marital_Status]]="Together",K2241+L2241+2,marketing_campaign[[#This Row],[Marital_Status]]="Alone",K2241+L2241+1,marketing_campaign[[#This Row],[Marital_Status]]="Married",K2241+L2241+2,marketing_campaign[[#This Row],[Marital_Status]]="Divorced",K2241+L2241+1,marketing_campaign[[#This Row],[Marital_Status]]="YOLO",K2241+L2241+1,marketing_campaign[[#This Row],[Marital_Status]]="Absurd",K2241+L2241+1,marketing_campaign[[#This Row],[Marital_Status]]="Widow",K2241+L2241+1)} -> 4 | H2241: {=_xlfn.IFS(marketing_campaign[[#This Row],[Family_size]]=1,"Family_with_one_child",marketing_campaign[[#This Row],[Family_size]]>1,"Family_with_more_children")} -> Family_with_more_children | I2241: 52869 | J2241: =IF(marketing_campaign[[#This Row],[Income]]>=Sheet21!B2291,"high_income","low_income") -> high_income | K2241: 1 | L2241: 1 | M2241: 41197 | N2241: 40 | O2241: {=_xlfn.IFS(AND(marketing_campaign[[#This Row],[Recency]]>=0,marketing_campaign[[#This Row],[Recency]]<=14),"Early Recency",AND(marketing_campaign[[#This Row],[Recency]]>=15,marketing_campaign[[#This Row],[Recency]]<=31),"Mid-Recency",marketing_campaign[[#This Row],[Recency]]>=32,"high Recency")} -> high Recency | P2241: 84 | Q2241: 3 | R2241: 61 | S2241: 2 | T2241: 1 | U2241: 21 | V2241: =marketing_campaign[[#This Row],[MntGoldProds]]+marketing_campaign[[#This Row],[MntSweetProducts]]+marketing_campaign[[#This Row],[MntFishProducts]]+marketing_campaign[[#This Row],[MntMeatProducts]]+marketing_campaign[[#This Row],[MntFruits]]+marketing_campaign[[#This Row],[MntWines]] -> 172 | W2241: 3 | X2241: 3 | Y2241: 1 | Z2241: 4 | AA2241: =W2241+X2241+Y2241+Z2241 -> 11 | AB2241: {=_xlfn.IFS(AND(AA2241>=0,AA2241<=15),"low purchase",AND(AA2241>=16,AA2241<=30),"mid purchase",AA2241>=31,"high purchase")} -> low purchase | AC2241: 7 | AD2241: =IF(marketing_campaign[[#This Row],[NumWebVisitsMonth]]>=5.3,"higher_webvists","lower_webvisits") -> higher_webvists | AE2241: 0 | AF2241: 0 | AG2241: 0 | AH2241: 0 | AI2241: 0 | AJ2241: 0 | AK2241: 3 | AL2241: 11 | AM2241: 1 | AN2241: =marketing_campaign[[#This Row],[AcceptedCmp2]]+marketing_campaign[[#This Row],[AcceptedCmp1]]+marketing_campaign[[#This Row],[AcceptedCmp5]]+marketing_campaign[[#This Row],[AcceptedCmp4]]+marketing_campaign[[#This Row],[AcceptedCmp3]]+marketing_campaign[[#This Row],[Response]] -> 1 | AO2241: {=_xlfn.IFS(marketing_campaign[[#This Row],[CampaignAccepted]]=0,"low response",marketing_campaign[[#This Row],[CampaignAccepted]]=1,"1 / 5 response accepted",marketing_campaign[[#This Row],[CampaignAccepted]]=2,"2/5 campaign accepted",marketing_campaign[[#This Row],[CampaignAccepted]]=3,"3/5 campaign accepted",marketing_campaign[[#This Row],[CampaignAccepted]]=4,"4/5 campaign accepted",marketing_campaign[[#This Row],[CampaignAccepted]]=5,"high campaign response")} -> 1 / 5 response accepted
G2242: =P1 -> MntWines | H2242: =Q1 -> MntFruits | I2242: =R1 -> MntMeatProducts | K2242: =S1 -> MntFishProducts | L2242: =T1 -> MntSweetProducts | M2242: =U1 -> MntGoldProds | AM2242: =SUBTOTAL(109,marketing_campaign[Response]) -> 334 | AN2242: =SUBTOTAL(109,marketing_campaign[CampaignAccepted]) -> 1001
E2243: correl | F2243: =G1 -> Family_size | G2243: =CORREL($G$2:$G$2241,P2:P2241) -> -0.29488624 | H2243: =CORREL($G$2:$G$2241,Q2:Q2241) -> -0.34021084 | I2243: =CORREL($G$2:$G$2241,R2:R2241) -> -0.42664935 | J2243: =CORREL($G$2:$G$2241,S2:S2241) -> -0.36175014 | K2243: =CORREL($G$2:$G$2241,T2:T2241) -> -0.32782663 | L2243: =CORREL($G$2:$G$2241,U2:U2241) -> -0.23597533 | M2243: =CORREL($G$2:$G$2241,V2:V2241) -> -0.42290748 | Z2243: rejection | AA2243: =COUNTIF(AE2:AE2241,0) -> 2077 | AB2243: =COUNTIF(AF2:AF2241,0) -> 2073 | AD2243: =COUNTIF(AG2:AG2241,0) -> 2077 | AE2243: =COUNTIF(AH2:AH2241,0) -> 2096 | AF2243: =COUNTIF(AI2:AI2241,0) -> 2210 | AL2243: =CORREL(N2:N2241,AN2:AN2241) -> -0.088962301 | AM2243: CORREL
G2244: {=_xlfn.IFS(OR(G2243=-1),"Perfect -ve Relationship",OR(G2243<-1,G2243<-0.5),"strong -ve Relationship",G2243=-0.5,"Moderate -ve Relationship",OR(G2243>-0.5,G2243<0),"weak -ve Relationship",G2243=0,"no relationship",OR(G2243>0,G2243<0.5),"weak +ve Relationship",G2243=0.5,"moderate Relationship",OR(G2243>0.5,G2243<1),"strong +ve Relationhip",G2243=1,"Perfect +ve Relatiohsip")} -> weak -ve Relationship | H2244: {=_xlfn.IFS(OR(H2243=-1),"Perfect -ve Relationship",OR(H2243<-1,H2243<-0.5),"strong -ve Relationship",H2243=-0.5,"Moderate -ve Relationship",OR(H2243>-0.5,H2243<0),"weak -ve Relationship",H2243=0,"no relationship",OR(H2243>0,H2243<0.5),"weak +ve Relationship",H2243=0.5,"moderate Relationship",OR(H2243>0.5,H2243<1),"strong +ve Relationhip",H2243=1,"Perfect +ve Relatiohsip")} -> weak -ve Relationship | I2244: {=_xlfn.IFS(OR(I2243=-1),"Perfect -ve Relationship",OR(I2243<-1,I2243<-0.5),"strong -ve Relationship",I2243=-0.5,"Moderate -ve Relationship",OR(I2243>-0.5,I2243<0),"weak -ve Relationship",I2243=0,"no relationship",OR(I2243>0,I2243<0.5),"weak +ve Relationship",I2243=0.5,"moderate Relationship",OR(I2243>0.5,I2243<1),"strong +ve Relationhip",I2243=1,"Perfect +ve Relatiohsip")} -> weak -ve Relationship | J2244: {=_xlfn.IFS(OR(J2243=-1),"Perfect -ve Relationship",OR(J2243<-1,J2243<-0.5),"strong -ve Relationship",J2243=-0.5,"Moderate -ve Relationship",OR(J2243>-0.5,J2243<0),"weak -ve Relationship",J2243=0,"no relationship",OR(J2243>0,J2243<0.5),"weak +ve Relationship",J2243=0.5,"moderate Relationship",OR(J2243>0.5,J2243<1),"strong +ve Relationhip",J2243=1,"Perfect +ve Relatiohsip")} -> weak -ve Relationship | K2244: {=_xlfn.IFS(OR(K2243=-1),"Perfect -ve Relationship",OR(K2243<-1,K2243<-0.5),"strong -ve Relationship",K2243=-0.5,"Moderate -ve Relationship",OR(K2243>-0.5,K2243<0),"weak -ve Relationship",K2243=0,"no relationship",OR(K2243>0,K2243<0.5),"weak +ve Relationship",K2243=0.5,"moderate Relationship",OR(K2243>0.5,K2243<1),"strong +ve Relationhip",K2243=1,"Perfect +ve Relatiohsip")} -> weak -ve Relationship | L2244: {=_xlfn.IFS(OR(L2243=-1),"Perfect -ve Relationship",OR(L2243<-1,L2243<-0.5),"strong -ve Relationship",L2243=-0.5,"Moderate -ve Relationship",OR(L2243>-0.5,L2243<0),"weak -ve Relationship",L2243=0,"no relationship",OR(L2243>0,L2243<0.5),"weak +ve Relationship",L2243=0.5,"moderate Relationship",OR(L2243>0.5,L2243<1),"strong +ve Relationhip",L2243=1,"Perfect +ve Relatiohsip")} -> weak -ve Relationship | M2244: {=_xlfn.IFS(OR(M2243=-1),"Perfect -ve Relationship",OR(M2243<-1,M2243<-0.5),"strong -ve Relationship",M2243=-0.5,"Moderate -ve Relationship",OR(M2243>-0.5,M2243<0),"weak -ve Relationship",M2243=0,"no relationship",OR(M2243>0,M2243<0.5),"weak +ve Relationship",M2243=0.5,"moderate Relationship",OR(M2243>0.5,M2243<1),"strong +ve Relationhip",M2243=1,"Perfect +ve Relatiohsip")} -> weak -ve Relationship | O2244: {=_xlfn.IFS(OR(O2243=-1),"Perfect -ve Relationship",OR(O2243<-1,O2243<-0.5),"strong -ve Relationship",O2243=-0.5,"Moderate -ve Relationship",OR(O2243>-0.5,O2243<0),"weak -ve Relationship",O2243=0,"no relationship",OR(O2243>0,O2243<0.5),"weak +ve Relationship",O2243=0.5,"moderate Relationship",OR(O2243>0.5,O2243<1),"strong +ve Relationhip",O2243=1,"Perfect +ve Relatiohsip")} -> weak -ve Relationship | P2244: {=_xlfn.IFS(OR(P2243=-1),"Perfect -ve Relationship",OR(P2243<-1,P2243<-0.5),"strong -ve Relationship",P2243=-0.5,"Moderate -ve Relationship",OR(P2243>-0.5,P2243<0),"weak -ve Relationship",P2243=0,"no relationship",OR(P2243>0,P2243<0.5),"weak +ve Relationship",P2243=0.5,"moderate Relationship",OR(P2243>0.5,P2243<1),"strong +ve Relationhip",P2243=1,"Perfect +ve Relatiohsip")} -> weak -ve Relationship | Q2244: {=_xlfn.IFS(OR(Q2243=-1),"Perfect -ve Relationship",OR(Q2243<-1,Q2243<-0.5),"strong -ve Relationship",Q2243=-0.5,"Moderate -ve Relationship",OR(Q2243>-0.5,Q2243<0),"weak -ve Relationship",Q2243=0,"no relationship",OR(Q2243>0,Q2243<0.5),"weak +ve Relationship",Q2243=0.5,"moderate Relationship",OR(Q2243>0.5,Q2243<1),"strong +ve Relationhip",Q2243=1,"Perfect +ve Relatiohsip")} -> weak -ve Relationship | R2244: {=_xlfn.IFS(OR(R2243=-1),"Perfect -ve Relationship",OR(R2243<-1,R2243<-0.5),"strong -ve Relationship",R2243=-0.5,"Moderate -ve Relationship",OR(R2243>-0.5,R2243<0),"weak -ve Relationship",R2243=0,"no relationship",OR(R2243>0,R2243<0.5),"weak +ve Relationship",R2243=0.5,"moderate Relationship",OR(R2243>0.5,R2243<1),"strong +ve Relationhip",R2243=1,"Perfect +ve Relatiohsip")} -> weak -ve Relationship | S2244: {=_xlfn.IFS(OR(S2243=-1),"Perfect -ve Relationship",OR(S2243<-1,S2243<-0.5),"strong -ve Relationship",S2243=-0.5,"Moderate -ve Relationship",OR(S2243>-0.5,S2243<0),"weak -ve Relationship",S2243=0,"no relationship",OR(S2243>0,S2243<0.5),"weak +ve Relationship",S2243=0.5,"moderate Relationship",OR(S2243>0.5,S2243<1),"strong +ve Relationhip",S2243=1,"Perfect +ve Relatiohsip")} -> weak -ve Relationship | T2244: {=_xlfn.IFS(OR(T2243=-1),"Perfect -ve Relationship",OR(T2243<-1,T2243<-0.5),"strong -ve Relationship",T2243=-0.5,"Moderate -ve Relationship",OR(T2243>-0.5,T2243<0),"weak -ve Relationship",T2243=0,"no relationship",OR(T2243>0,T2243<0.5),"weak +ve Relationship",T2243=0.5,"moderate Relationship",OR(T2243>0.5,T2243<1),"strong +ve Relationhip",T2243=1,"Perfect +ve Relatiohsip")} -> weak -ve Relationship | U2244: {=_xlfn.IFS(OR(U2243=-1),"Perfect -ve Relationship",OR(U2243<-1,U2243<-0.5),"strong -ve Relationship",U2243=-0.5,"Moderate -ve Relationship",OR(U2243>-0.5,U2243<0),"weak -ve Relationship",U2243=0,"no relationship",OR(U2243>0,U2243<0.5),"weak +ve Relationship",U2243=0.5,"moderate Relationship",OR(U2243>0.5,U2243<1),"strong +ve Relationhip",U2243=1,"Perfect +ve Relatiohsip")} -> weak -ve Relationship | V2244: {=_xlfn.IFS(OR(V2243=-1),"Perfect -ve Relationship",OR(V2243<-1,V2243<-0.5),"strong -ve Relationship",V2243=-0.5,"Moderate -ve Relationship",OR(V2243>-0.5,V2243<0),"weak -ve Relationship",V2243=0,"no relationship",OR(V2243>0,V2243<0.5),"weak +ve Relationship",V2243=0.5,"moderate Relationship",OR(V2243>0.5,V2243<1),"strong +ve Relationhip",V2243=1,"Perfect +ve Relatiohsip")} -> weak -ve Relationship | ... AL2244: {=_xlfn.IFS(OR(AL2243=-1),"Perfect -ve Relationship",OR(AL2243<-1,AL2243<-0.5),"strong -ve Relationship",AL2243=-0.5,"Moderate -ve Relationship",OR(AL2243>-0.5,AL2243<0),"weak -ve Relationship",AL2243=0,"no relationship",OR(AL2243>0,AL2243<0.5),"weak +ve Relationship",AL2243=0.5,"moderate Relationship",OR(AL2243>0.5,AL2243<1),"strong +ve Relationhip",AL2243=1,"Perfect +ve Relatiohsip")} -> weak -ve Relationship

Sheet dasbord 3

Sheet dashboard1

Sheet dashboard2

Sheet Sheet20

Sheet Sheet18
A2: MntWines | B2: 635 | C2: 11 | D2: 426 | E2: 11 | F2: 173 | G2: 520 | H2: 235 | I2: 76 | J2: 14 | K2: 28 | L2: 5 | M2: 6 | N2: 194 | O2: 233 | P2: 3 | Q2: 1006 | R2: 53 | S2: 84 | T2: 1012 | U2: 4 | V2: 86 | W2: 1 | X2: 867 | Y2: 384 | Z2: 270 | AA2: 6 | AB2: 173 | AC2: 5 | AD2: 36 | AE2: 684 | AF2: 8 | AG2: 112 | AH2: 110 | AI2: 96 | AJ2: 482 | AK2: 40 | AL2: 702 | AM2: 6 | AN2: 55 | AO2: 437 | AP2: 421 | AQ2: 13 | AR2: 9 | AS2: 81 | AT2: 3 | AU2: 123 | AV2: 3 | AW2: 13 | AX2: 48 | AY2: 826 | AZ2: 245 | BA2: 650 | BB2: 12 | BC2: 510 | BD2: 328 | BE2: 984 | BF2: 295 | BG2: 13 | BH2: 11 | BI2: 447 | BJ2: 712 | BK2: 452 | BL2: 523 | BM2: 546 | BN2: 398 | BO2: 1 | BP2: 10 | BQ2: 688 | BR2: 247 | BS2: 856 | BT2: 496 | BU2: 25 | BV2: 258 | BW2: 565 | BX2: 14 | BY2: 2 | BZ2: 721 | CA2: 1032 | CB2: 1 | CC2: 577 | CD2: 64 | CE2: 4 | CF2: 25 | CG2: 112 | CH2: 163 | CI2: 17 | CJ2: 130 | CK2: 292 | CL2: 350 | CM2: 135 | CN2: 230 | CO2: 7 | CP2: 445 | CQ2: 15 | CR2: 27 | CS2: 5 | CT2: 505 | CU2: 51 | CV2: 207 | CW2: 135 | CX2: 53 | CY2: 41 | CZ2: 386 | DA2: 562 | DB2: 217 | DC2: 1 | DD2: 144 | DE2: 295 | DF2: 76 | DG2: 454 | DH2: 425 | DI2: 1332 | DJ2: 527 | DK2: 490 | DL2: 378 | DM2: 64 | DN2: 547 | DO2: 47 | DP2: 12 | DQ2: 1 | DR2: 320 | DS2: 34 | DT2: 9 | DU2: 17 | DV2: 722 | DW2: 162 | DX2: 450 | DY2: 70 | DZ2: 352 | EA2: 492 | EB2: 120 | EC2: 534 | ED2: 236 | EE2: 231 | EF2: 220 | EG2: 796 | EH2: 0 | EI2: 53 | EJ2: 15 | EK2: 17 | EL2: 962 | EM2: 738 | EN2: 399 | EO2: 614 | EP2: 32 | EQ2: 598 | ER2: 2 | ES2: 6 | ET2: 73 | EU2: 42 | EV2: 295 | EW2: 346 | EX2: 233 | EY2: 5 | EZ2: 888 | FA2: 997 | FB2: 212 | FC2: 8 | FD2: 42 | FE2: 536 | FF2: 5 | FG2: 1349 | FH2: 53 | FI2: 1001 | FJ2: 20 | FK2: 18 | FL2: 125 | FM2: 212 | FN2: 277 | FO2: 15 | FP2: 7 | FQ2: 12 | FR2: 85 | FS2: 81 | FT2: 59 | FU2: 1149 | FV2: 847 | FW2: 29 | FX2: 2 | FY2: 207 | FZ2: 152 | GA2: 12 | GB2: 620 | GC2: 47 | GD2: 1 | GE2: 10 | GF2: 35 | GG2: 356 | GH2: 783 | GI2: 42 | GJ2: 1 | GK2: 466 | GL2: 15 | GM2: 23 | GN2: 235 | GO2: 10 | GP2: 656 | GQ2: 519 | GR2: 344 | GS2: 96 | GT2: 448 | GU2: 265 | GV2: 587 | GW2: 763 | GX2: 22 | GY2: 6 | GZ2: 7 | HA2: 81 | HB2: 54 | HC2: 1170 | HD2: 72 | HE2: 613 | HF2: 224 | HG2: 410 | HH2: 239 | HI2: 171 | HJ2: 12 | HK2: 1076 | HL2: 182 | HM2: 824 | HN2: 30 | HO2: 377 | HP2: 520 | HQ2: 155 | HR2: 897 | HS2: 131 | HT2: 297 | HU2: 787 | HV2: 792 | HW2: 4 | HX2: 231 | HY2: 983 | HZ2: 3 | IA2: 0 | IB2: 562 | IC2: 5 | ID2: 18 | IE2: 415 | IF2: 5 | IG2: 8 | IH2: 901 | II2: 382 | IJ2: 14 | IK2: 559 | IL2: 789 | IM2: 11 | IN2: 1218 | IO2: 925 | IP2: 864 | IQ2: 960 | IR2: 16 | IS2: 3 | IT2: 168 | IU2: 45 | IV2: 650 | IW2: 24 | IX2: 918 | IY2: 138 | IZ2: 12 | JA2: 11 | JB2: 1 | JC2: 554 | JD2: 167 | JE2: 9 | JF2: 177 | JG2: 38 | JH2: 483 | JI2: 77 | JJ2: 182 | JK2: 10 | JL2: 778 | JM2: 16 | JN2: 167 | JO2: 13 | JP2: 33 | JQ2: 625 | JR2: 216 | JS2: 68 | JT2: 196 | JU2: 635 | JV2: 4 | JW2: 297 | JX2: 84 | JY2: 204 | JZ2: 26 | KA2: 15 | KB2: 304 | KC2: 285 | KD2: 395 | KE2: 248 | KF2: 20 | KG2: 39 | KH2: 777 | KI2: 8 | KJ2: 9 | KK2: 1241 | KL2: 6 | KM2: 65 | KN2: 395 | KO2: 801 | KP2: 36 | KQ2: 513 | KR2: 37 | KS2: 80 | KT2: 14 | KU2: 525 | KV2: 1 | KW2: 675 | KX2: 509 | KY2: 154 | KZ2: 3 | LA2: 25 | LB2: 861 | LC2: 768 | LD2: 185 | LE2: 24 | LF2: 44 | LG2: 91 | LH2: 11 | LI2: 738 | LJ2: 412 | LK2: 3 | LL2: 16 | LM2: 731 | LN2: 424 | LO2: 792 | LP2: 21 | LQ2: 22 | LR2: 33 | LS2: 68 | LT2: 9 | LU2: 40 | LV2: 909 | LW2: 23 | LX2: 11 | LY2: 317 | LZ2: 797 | MA2: 10 | MB2: 856 | MC2: 755 | MD2: 456 | ME2: 37 | MF2: 1103 | MG2: 378 | MH2: 1 | MI2: 204 | MJ2: 30 | MK2: 189 | ML2: 15 | MM2: 9 | MN2: 495 | MO2: 656 | MP2: 452 | MQ2: 546 | MR2: 1048 | MS2: 22 | MT2: 78 | MU2: 561 | MV2: 629 | MW2: 269 | MX2: 736 | MY2: 512 | MZ2: 19 | NA2: 9 | NB2: 247 | NC2: 404 | ND2: 333 | NE2: 2 | NF2: 833 | NG2: 789 | NH2: 10 | NI2: 159 | NJ2: 7 | NK2: 977 | NL2: 38 | NM2: 57 | NN2: 3 | NO2: 10 | NP2: 1043 | NQ2: 3 | NR2: 11 | NS2: 3 | NT2: 43 | NU2: 73 | NV2: 12 | NW2: 4 | NX2: 314 | NY2: 571 | NZ2: 70 | OA2: 866 | OB2: 594 | OC2: 140 | OD2: 375 | OE2: 102 | OF2: 554 | OG2: 919 | OH2: 96 | OI2: 5 | OJ2: 2 | OK2: 6 | OL2: 23 | OM2: 610 | ON2: 67 | OO2: 65 | OP2: 416 | OQ2: 23 | OR2: 19 | OS2: 155 | OT2: 14 | OU2: 370 | OV2: 4 | OW2: 407 | OX2: 1200 | OY2: 85 | OZ2: 583 | PA2: 483 | PB2: 2 | PC2: 966 | PD2: 822 | PE2: 604 | PF2: 19 | PG2: 5 | PH2: 2 | PI2: 1076 | PJ2: 1285 | PK2: 10 | PL2: 551 | PM2: 800 | PN2: 2 | PO2: 378 | PP2: 1248 | PQ2: 235 | PR2: 515 | PS2: 438 | PT2: 25 | PU2: 31 | PV2: 357 | PW2: 400 | PX2: 99 | PY2: 1 | PZ2: 5 | QA2: 77 | QB2: 3 | QC2: 10 | QD2: 0 | QE2: 0 | QF2: 76 | QG2: 398 | QH2: 14 | QI2: 208 | QJ2: 430 | QK2: 656 | QL2: 14 | QM2: 141 | QN2: 507 | QO2: 164 | QP2: 606 | QQ2: 116 | QR2: 143 | QS2: 398 | QT2: 522 | QU2: 161 | QV2: 112 | QW2: 483 | QX2: 7 | QY2: 789 | QZ2: 1239 | RA2: 4 | RB2: 335 | RC2: 639 | RD2: 563 | RE2: 2 | RF2: 746 | RG2: 22 | RH2: 4 | RI2: 478 | RJ2: 20 | RK2: 451 | RL2: 371 | RM2: 281 | RN2: 19 | RO2: 26 | RP2: 138 | RQ2: 213 | RR2: 407 | RS2: 483 | RT2: 738 | RU2: 502 | RV2: 11 | RW2: 24 | RX2: 1170 | RY2: 185 | RZ2: 983 | SA2: 691 | SB2: 504 | SC2: 317 | SD2: 29 | SE2: 1396 | SF2: 529 | SG2: 388 | SH2: 13 | SI2: 28 | SJ2: 16 | SK2: 1047 | SL2: 31 | SM2: 815 | SN2: 225 | SO2: 493 | SP2: 34 | SQ2: 382 | SR2: 127 | SS2: 325 | ST2: 238 | SU2: 1168 | SV2: 284 | SW2: 1288 | SX2: 65 | SY2: 11 | SZ2: 227 | TA2: 1035 | TB2: 27 | TC2: 982 | TD2: 179 | TE2: 1379 | TF2: 32 | TG2: 8 | TH2: 881 | TI2: 141 | TJ2: 1000 | TK2: 206 | TL2: 162 | TM2: 619 | TN2: 456 | TO2: 112 | TP2: 11 | TQ2: 172 | TR2: 78 | TS2: 464 | TT2: 99 | TU2: 19 | TV2: 1 | TW2: 63 | TX2: 252 | TY2: 1478 | TZ2: 198 | UA2: 8 | UB2: 416 | UC2: 42 | UD2: 14 | UE2: 17 | UF2: 15 | UG2: 6 | UH2: 458 | UI2: 30 | UJ2: 179 | UK2: 90 | UL2: 308 | UM2: 557 | UN2: 7 | UO2: 1492 | UP2: 30 | UQ2: 249 | UR2: 465 | US2: 129 | UT2: 174 | UU2: 189 | UV2: 747 | UW2: 6 | UX2: 14 | UY2: 12 | UZ2: 98 | VA2: 32 | VB2: 51 | VC2: 200 | VD2: 25 | VE2: 1050 | VF2: 117 | VG2: 9 | VH2: 56 | VI2: 145 | VJ2: 203 | VK2: 270 | VL2: 9 | VM2: 37 | VN2: 46 | VO2: 31 | VP2: 1060 | VQ2: 264 | VR2: 399 | VS2: 8 | VT2: 19 | VU2: 817 | VV2: 292 | VW2: 12 | VX2: 130 | VY2: 6 | VZ2: 16 | WA2: 19 | WB2: 4 | WC2: 31 | WD2: 36 | WE2: 526 | WF2: 400 | WG2: 410 | WH2: 80 | WI2: 88 | WJ2: 55 | WK2: 5 | WL2: 8 | WM2: 410 | WN2: 101 | WO2: 162 | WP2: 2 | WQ2: 25 | WR2: 389 | WS2: 215 | WT2: 27 | WU2: 85 | WV2: 5 | WW2: 179 | WX2: 352 | WY2: 17 | WZ2: 625 | XA2: 10 | XB2: 390 | XC2: 10 | XD2: 215 | XE2: 1001 | XF2: 19 | XG2: 41 | XH2: 1181 | XI2: 603 | XJ2: 129 | XK2: 10 | XL2: 514 | XM2: 14 | XN2: 387 | XO2: 121 | XP2: 965 | XQ2: 707 | XR2: 571 | XS2: 586 | XT2: 1063 | XU2: 305 | XV2: 1200 | XW2: 163 | XX2: 1009 | XY2: 125 | XZ2: 721 | YA2: 315 | YB2: 1000 | YC2: 16 | YD2: 757 | YE2: 30 | YF2: 219 | YG2: 1 | YH2: 111 | YI2: 45 | YJ2: 410 | YK2: 100 | YL2: 509 | YM2: 3 | YN2: 445 | YO2: 2 | YP2: 4 | YQ2: 6 | YR2: 14 | YS2: 1 | YT2: 26 | YU2: 111 | YV2: 418 | YW2: 327 | YX2: 371 | YY2: 275 | YZ2: 789 | ZA2: 1 | ZB2: 1004 | ZC2: 187 | ZD2: 56 | ZE2: 365 | ZF2: 595 | ZG2: 1132 | ZH2: 34 | ZI2: 116 | ZJ2: 565 | ZK2: 372 | ZL2: 899 | ZM2: 55 | ZN2: 760 | ZO2: 260 | ZP2: 459 | ZQ2: 466 | ZR2: 67 | ZS2: 2 | ZT2: 67 | ZU2: 92 | ZV2: 4 | ZW2: 20 | ZX2: 273 | ZY2: 434 | ZZ2: 321 | AAA2: 212 | AAB2: 909 | AAC2: 1184 | AAD2: 112 | AAE2: 656 | AAF2: 23 | AAG2: 537 | AAH2: 712 | AAI2: 23 | AAJ2: 1 | AAK2: 664 | AAL2: 6 | AAM2: 299 | AAN2: 99 | AAO2: 749 | AAP2: 345 | AAQ2: 9 | AAR2: 440 | AAS2: 8 | AAT2: 670 | AAU2: 524 | AAV2: 6 | AAW2: 597 | AAX2: 7 | AAY2: 54 | AAZ2: 445 | ABA2: 294 | ABB2: 292 | ABC2: 412 | ABD2: 8 | ABE2: 349 | ABF2: 328 | ABG2: 144 | ABH2: 1126 | ABI2: 967 | ABJ2: 432 | ABK2: 138 | ABL2: 0 | ABM2: 509 | ABN2: 948 | ABO2: 39 | ABP2: 28 | ABQ2: 13 | ABR2: 307 | ABS2: 901 | ABT2: 2 | ABU2: 283 | ABV2: 4 | ABW2: 769 | ABX2: 518 | ABY2: 350 | ABZ2: 445 | ACA2: 778 | ACB2: 709 | ACC2: 359 | ACD2: 799 | ACE2: 895 | ACF2: 40 | ACG2: 76 | ACH2: 11 | ACI2: 245 | ACJ2: 647 | ACK2: 39 | ACL2: 203 | ACM2: 138 | ACN2: 587 | ACO2: 595 | ACP2: 43 | ACQ2: 301 | ACR2: 180 | ACS2: 794 | ACT2: 392 | ACU2: 39 | ACV2: 107 | ACW2: 13 | ACX2: 70 | ACY2: 680 | ACZ2: 26 | ADA2: 522 | ADB2: 412 | ADC2: 6 | ADD2: 2 | ADE2: 1 | ADF2: 6 | ADG2: 4 | ADH2: 18 | ADI2: 324 | ADJ2: 327 | ADK2: 229 | ADL2: 521 | ADM2: 184 | ADN2: 4 | ADO2: 183 | ADP2: 31 | ADQ2: 219 | ADR2: 479 | ADS2: 584 | ADT2: 627 | ADU2: 24 | ADV2: 330 | ADW2: 19 | ADX2: 28 | ADY2: 606 | ADZ2: 1039 | AEA2: 411 | AEB2: 34 | AEC2: 161 | AED2: 623 | AEE2: 604 | AEF2: 3 | AEG2: 12 | AEH2: 184 | AEI2: 393 | AEJ2: 410 | AEK2: 376 | AEL2: 7 | AEM2: 68 | AEN2: 642 | AEO2: 8 | AEP2: 840 | AEQ2: 7 | AER2: 464 | AES2: 30 | AET2: 1492 | AEU2: 752 | AEV2: 1279 | AEW2: 22 | AEX2: 860 | AEY2: 3 | AEZ2: 10 | AFA2: 351 | AFB2: 421 | AFC2: 2 | AFD2: 25 | AFE2: 336 | AFF2: 191 | AFG2: 563 | AFH2: 31 | AFI2: 479 | AFJ2: 18 | AFK2: 91 | AFL2: 5 | AFM2: 2 | AFN2: 362 | AFO2: 724 | AFP2: 605 | AFQ2: 547 | AFR2: 104 | AFS2: 8 | AFT2: 224 | AFU2: 384 | AFV2: 556 | AFW2: 24 | AFX2: 408 | AFY2: 265 | AFZ2: 34 | AGA2: 374 | AGB2: 27 | AGC2: 600 | AGD2: 13 | AGE2: 167 | AGF2: 0 | AGG2: 46 | AGH2: 88 | AGI2: 243 | AGJ2: 275 | AGK2: 6 | AGL2: 121 | AGM2: 4 | AGN2: 1308 | AGO2: 515 | AGP2: 4 | AGQ2: 48 | AGR2: 562 | AGS2: 769 | AGT2: 379 | AGU2: 29 | AGV2: 387 | AGW2: 12 | AGX2: 6 | AGY2: 27 | AGZ2: 9 | AHA2: 22 | AHB2: 899 | AHC2: 889 | AHD2: 189 | AHE2: 48 | AHF2: 230 | AHG2: 852 | AHH2: 35 | AHI2: 205 | AHJ2: 255 | AHK2: 0 | AHL2: 437 | AHM2: 825 | AHN2: 316 | AHO2: 756 | AHP2: 194 | AHQ2: 7 | AHR2: 183 | AHS2: 171 | AHT2: 243 | AHU2: 181 | AHV2: 151 | AHW2: 494 | AHX2: 464 | AHY2: 5 | AHZ2: 29 | AIA2: 102 | AIB2: 604 | AIC2: 571 | AID2: 953 | AIE2: 63 | AIF2: 770 | AIG2: 398 | AIH2: 741 | AII2: 1478 | AIJ2: 156 | AIK2: 960 | AIL2: 38 | AIM2: 315 | AIN2: 15 | AIO2: 19 | AIP2: 812 | AIQ2: 73 | AIR2: 372 | AIS2: 871 | AIT2: 375 | AIU2: 760 | AIV2: 471 | AIW2: 31 | AIX2: 819 | AIY2: 1 | AIZ2: 203 | AJA2: 26 | AJB2: 354 | AJC2: 1253 | AJD2: 371 | AJE2: 588 | AJF2: 480 | AJG2: 517 | AJH2: 267 | AJI2: 1111 | AJJ2: 7 | AJK2: 1166 | AJL2: 261 | AJM2: 135 | AJN2: 6 | AJO2: 711 | AJP2: 11 | AJQ2: 42 | AJR2: 79 | AJS2: 20 | AJT2: 30 | AJU2: 20 | AJV2: 115 | AJW2: 263 | AJX2: 69 | AJY2: 267 | AJZ2: 561 | AKA2: 492 | AKB2: 14 | AKC2: 80 | AKD2: 97 | AKE2: 197 | AKF2: 693 | AKG2: 43 | AKH2: 14 | AKI2: 186 | AKJ2: 434 | AKK2: 59 | AKL2: 16 | AKM2: 230 | AKN2: 829 | AKO2: 318 | AKP2: 1206 | AKQ2: 292 | AKR2: 30 | AKS2: 729 | AKT2: 12 | AKU2: 2 | AKV2: 22 | AKW2: 587 | AKX2: 674 | AKY2: 284 | AKZ2: 1023 | ALA2: 1394 | ALB2: 311 | ALC2: 27 | ALD2: 1296 | ALE2: 3 | ALF2: 393 | ALG2: 218 | ALH2: 66 | ALI2: 4 | ALJ2: 795 | ALK2: 15 | ALL2: 384 | ALM2: 244 | ALN2: 158 | ALO2: 1285 | ALP2: 349 | ALQ2: 4 | ALR2: 223 | ALS2: 157 | ALT2: 397 | ALU2: 901 | ALV2: 14 | ALW2: 10 | ALX2: 1230 | ALY2: 81 | ALZ2: 154 | AMA2: 63 | AMB2: 30 | AMC2: 90 | AMD2: 635 | AME2: 127 | AMF2: 13 | AMG2: 18 | AMH2: 45 | AMI2: 38 | AMJ2: 986 | AMK2: 61 | AML2: 4 | AMM2: 201 | AMN2: 19 | AMO2: 4 | AMP2: 18 | AMQ2: 806 | AMR2: 380 | AMS2: 576 | AMT2: 458 | AMU2: 5 | AMV2: 350 | AMW2: 39 | AMX2: 26 | AMY2: 68 | AMZ2: 45 | ANA2: 359 | ANB2: 403 | ANC2: 34 | AND2: 73 | ANE2: 292 | ANF2: 14 | ANG2: 80 | ANH2: 30 | ANI2: 463 | ANJ2: 75 | ANK2: 538 | ANL2: 635 | ANM2: 8 | ANN2: 1315 | ANO2: 4 | ANP2: 12 | ANQ2: 347 | ANR2: 192 | ANS2: 241 | ANT2: 631 | ANU2: 336 | ANV2: 1099 | ANW2: 743 | ANX2: 124 | ANY2: 15 | ANZ2: 397 | AOA2: 10 | AOB2: 530 | AOC2: 1215 | AOD2: 3 | AOE2: 444 | AOF2: 26 | AOG2: 736 | AOH2: 473 | AOI2: 32 | AOJ2: 288 | AOK2: 1050 | AOL2: 1001 | AOM2: 9 | AON2: 234 | AOO2: 7 | AOP2: 251 | AOQ2: 172 | AOR2: 565 | AOS2: 5 | AOT2: 918 | AOU2: 652 | AOV2: 4 | AOW2: 152 | AOX2: 8 | AOY2: 336 | AOZ2: 938 | APA2: 68 | APB2: 227 | APC2: 38 | APD2: 105 | APE2: 162 | APF2: 574 | APG2: 160 | APH2: 6 | API2: 614 | APJ2: 897 | APK2: 70 | APL2: 120 | APM2: 211 | APN2: 11 | APO2: 760 | APP2: 53 | APQ2: 7 | APR2: 391 | APS2: 199 | APT2: 516 | APU2: 709 | APV2: 12 | APW2: 1000 | APX2: 19 | APY2: 1224 | APZ2: 16 | AQA2: 88 | AQB2: 2 | AQC2: 508 | AQD2: 381 | AQE2: 74 | AQF2: 146 | AQG2: 23 | AQH2: 110 | AQI2: 165 | AQJ2: 957 | AQK2: 41 | AQL2: 1 | AQM2: 176 | AQN2: 815 | AQO2: 6 | AQP2: 8 | AQQ2: 717 | AQR2: 1067 | AQS2: 166 | AQT2: 29 | AQU2: 714 | AQV2: 8 | AQW2: 229 | AQX2: 320 | AQY2: 23 | AQZ2: 1 | ARA2: 56 | ARB2: 508 | ARC2: 29 | ARD2: 46 | ARE2: 454 | ARF2: 350 | ARG2: 10 | ARH2: 735 | ARI2: 897 | ARJ2: 5 | ARK2: 777 | ARL2: 162 | ARM2: 35 | ARN2: 342 | ARO2: 258 | ARP2: 658 | ARQ2: 356 | ARR2: 213 | ARS2: 454 | ART2: 457 | ARU2: 241 | ARV2: 210 | ARW2: 441 | ARX2: 19 | ARY2: 28 | ARZ2: 476 | ASA2: 364 | ASB2: 0 | ASC2: 0 | ASD2: 863 | ASE2: 349 | ASF2: 5 | ASG2: 184 | ASH2: 8 | ASI2: 277 | ASJ2: 44 | ASK2: 1156 | ASL2: 373 | ASM2: 134 | ASN2: 1148 | ASO2: 6 | ASP2: 4 | ASQ2: 5 | ASR2: 24 | ASS2: 899 | AST2: 108 | ASU2: 27 | ASV2: 816 | ASW2: 1298 | ASX2: 10 | ASY2: 87 | ASZ2: 57 | ATA2: 635 | ATB2: 43 | ATC2: 964 | ATD2: 572 | ATE2: 341 | ATF2: 63 | ATG2: 221 | ATH2: 140 | ATI2: 1 | ATJ2: 291 | ATK2: 544 | ATL2: 684 | ATM2: 1 | ATN2: 35 | ATO2: 87 | ATP2: 309 | ATQ2: 172 | ATR2: 625 | ATS2: 972 | ATT2: 157 | ATU2: 48 | ATV2: 279 | ATW2: 132 | ATX2: 919 | ATY2: 62 | ATZ2: 1 | AUA2: 2 | AUB2: 408 | AUC2: 51 | AUD2: 62 | AUE2: 952 | AUF2: 618 | AUG2: 11 | AUH2: 318 | AUI2: 56 | AUJ2: 110 | AUK2: 23 | AUL2: 27 | AUM2: 18 | AUN2: 18 | AUO2: 303 | AUP2: 97 | AUQ2: 997 | AUR2: 5 | AUS2: 95 | AUT2: 1 | AUU2: 46 | AUV2: 411 | AUW2: 244 | AUX2: 152 | AUY2: 1 | AUZ2: 10 | AVA2: 12 | AVB2: 5 | AVC2: 790 | AVD2: 882 | AVE2: 615 | AVF2: 1004 | AVG2: 133 | AVH2: 595 | AVI2: 293 | AVJ2: 313 | AVK2: 151 | AVL2: 15 | AVM2: 736 | AVN2: 15 | AVO2: 982 | AVP2: 1142 | AVQ2: 28 | AVR2: 46 | AVS2: 897 | AVT2: 489 | AVU2: 25 | AVV2: 145 | AVW2: 630 | AVX2: 760 | AVY2: 420 | AVZ2: 125 | AWA2: 464 | AWB2: 6 | AWC2: 1090 | AWD2: 3 | AWE2: 24 | AWF2: 737 | AWG2: 254 | AWH2: 817 | AWI2: 620 | AWJ2: 13 | AWK2: 113 | AWL2: 7 | AWM2: 16 | AWN2: 462 | AWO2: 22 | AWP2: 968 | AWQ2: 283 | AWR2: 1 | AWS2: 14 | AWT2: 30 | AWU2: 4 | AWV2: 52 | AWW2: 62 | AWX2: 20 | AWY2: 545 | AWZ2: 558 | AXA2: 6 | AXB2: 39 | AXC2: 1111 | AXD2: 4 | AXE2: 183 | AXF2: 546 | AXG2: 606 | AXH2: 266 | AXI2: 1142 | AXJ2: 1074 | AXK2: 771 | AXL2: 371 | AXM2: 556 | AXN2: 202 | AXO2: 209 | AXP2: 35 | AXQ2: 37 | AXR2: 171 | AXS2: 12 | AXT2: 44 | AXU2: 20 | AXV2: 779 | AXW2: 170 | AXX2: 491 | AXY2: 173 | AXZ2: 7 | AYA2: 1205 | AYB2: 10 | AYC2: 97 | AYD2: 67 | AYE2: 345 | AYF2: 6 | AYG2: 73 | AYH2: 711 | AYI2: 774 | AYJ2: 163 | AYK2: 82 | AYL2: 358 | AYM2: 66 | AYN2: 13 | AYO2: 139 | AYP2: 274 | AYQ2: 262 | AYR2: 1099 | AYS2: 32 | AYT2: 2 | AYU2: 6 | AYV2: 6 | AYW2: 135 | AYX2: 641 | AYY2: 714 | AYZ2: 794 | AZA2: 420 | AZB2: 1 | AZC2: 86 | AZD2: 823 | AZE2: 231 | AZF2: 8 | AZG2: 182 | AZH2: 557 | AZI2: 79 | AZJ2: 368 | AZK2: 6 | AZL2: 160 | AZM2: 488 | AZN2: 691 | AZO2: 543 | AZP2: 254 | AZQ2: 5 | AZR2: 112 | AZS2: 134 | AZT2: 143 | AZU2: 51 | AZV2: 27 | AZW2: 459 | AZX2: 689 | AZY2: 283 | AZZ2: 347 | BAA2: 5 | BAB2: 280 | BAC2: 187 | BAD2: 95 | BAE2: 84 | BAF2: 19 | BAG2: 5 | BAH2: 18 | BAI2: 992 | BAJ2: 25 | BAK2: 9 | BAL2: 19 | BAM2: 709 | BAN2: 158 | BAO2: 10 | BAP2: 25 | BAQ2: 8 | BAR2: 14 | BAS2: 622 | BAT2: 11 | BAU2: 25 | BAV2: 635 | BAW2: 100 | BAX2: 201 | BAY2: 642 | BAZ2: 97 | BBA2: 204 | BBB2: 513 | BBC2: 88 | BBD2: 172 | BBE2: 329 | BBF2: 296 | BBG2: 100 | BBH2: 422 | BBI2: 1218 | BBJ2: 5 | BBK2: 507 | BBL2: 52 | BBM2: 191 | BBN2: 2 | BBO2: 68 | BBP2: 20 | BBQ2: 20 | BBR2: 7 | BBS2: 279 | BBT2: 977 | BBU2: 30 | BBV2: 6 | BBW2: 3 | BBX2: 14 | BBY2: 10 | BBZ2: 7 | BCA2: 33 | BCB2: 12 | BCC2: 2 | BCD2: 693 | BCE2: 9 | BCF2: 129 | BCG2: 16 | BCH2: 201 | BCI2: 5 | BCJ2: 14 | BCK2: 29 | BCL2: 26 | BCM2: 9 | BCN2: 14 | BCO2: 972 | BCP2: 966 | BCQ2: 99 | BCR2: 482 | BCS2: 714 | BCT2: 587 | BCU2: 399 | BCV2: 56 | BCW2: 227 | BCX2: 703 | BCY2: 37 | BCZ2: 167 | BDA2: 458 | BDB2: 91 | BDC2: 15 | BDD2: 1302 | BDE2: 153 | BDF2: 508 | BDG2: 290 | BDH2: 38 | BDI2: 2 | BDJ2: 30 | BDK2: 386 | BDL2: 443 | BDM2: 901 | BDN2: 9 | BDO2: 846 | BDP2: 8 | BDQ2: 72 | BDR2: 29 | BDS2: 169 | BDT2: 460 | BDU2: 69 | BDV2: 556 | BDW2: 73 | BDX2: 112 | BDY2: 944 | BDZ2: 265 | BEA2: 526 | BEB2: 2 | BEC2: 2 | BED2: 378 | BEE2: 553 | BEF2: 751 | BEG2: 406 | BEH2: 1449 | BEI2: 123 | BEJ2: 267 | BEK2: 209 | BEL2: 1259 | BEM2: 344 | BEN2: 22 | BEO2: 247 | BEP2: 38 | BEQ2: 896 | BER2: 931 | BES2: 758 | BET2: 216 | BEU2: 2 | BEV2: 244 | BEW2: 539 | BEX2: 1181 | BEY2: 750 | BEZ2: 306 | BFA2: 350 | BFB2: 331 | BFC2: 620 | BFD2: 434 | BFE2: 57 | BFF2: 811 | BFG2: 423 | BFH2: 2 | BFI2: 60 | BFJ2: 675 | BFK2: 30 | BFL2: 40 | BFM2: 3 | BFN2: 910 | BFO2: 252 | BFP2: 34 | BFQ2: 19 | BFR2: 2 | BFS2: 490 | BFT2: 332 | BFU2: 53 | BFV2: 784 | BFW2: 7 | BFX2: 1171 | BFY2: 215 | BFZ2: 674 | BGA2: 57 | BGB2: 5 | BGC2: 104 | BGD2: 9 | BGE2: 431 | BGF2: 1000 | BGG2: 448 | BGH2: 33 | BGI2: 505 | BGJ2: 267 | BGK2: 14 | BGL2: 631 | BGM2: 65 | BGN2: 10 | BGO2: 51 | BGP2: 293 | BGQ2: 11 | BGR2: 50 | BGS2: 173 | BGT2: 423 | BGU2: 292 | BGV2: 757 | BGW2: 12 | BGX2: 167 | BGY2: 3 | BGZ2: 30 | BHA2: 532 | BHB2: 29 | BHC2: 411 | BHD2: 5 | BHE2: 71 | BHF2: 46 | BHG2: 268 | BHH2: 928 | BHI2: 459 | BHJ2: 483 | BHK2: 733 | BHL2: 1006 | BHM2: 34 | BHN2: 1156 | BHO2: 7 | BHP2: 244 | BHQ2: 233 | BHR2: 35 | BHS2: 1252 | BHT2: 34 | BHU2: 255 | BHV2: 8 | BHW2: 368 | BHX2: 255 | BHY2: 33 | BHZ2: 163 | BIA2: 15 | BIB2: 45 | BIC2: 48 | BID2: 158 | BIE2: 754 | BIF2: 108 | BIG2: 199 | BIH2: 2 | BII2: 202 | BIJ2: 85 | BIK2: 322 | BIL2: 18 | BIM2: 141 | BIN2: 739 | BIO2: 18 | BIP2: 378 | BIQ2: 1083 | BIR2: 1016 | BIS2: 23 | BIT2: 12 | BIU2: 35 | BIV2: 548 | BIW2: 342 | BIX2: 365 | BIY2: 397 | BIZ2: 456 | BJA2: 5 | BJB2: 836 | BJC2: 100 | BJD2: 10 | BJE2: 238 | BJF2: 6 | BJG2: 158 | BJH2: 86 | BJI2: 856 | BJJ2: 98 | BJK2: 4 | BJL2: 398 | BJM2: 313 | BJN2: 109 | BJO2: 216 | BJP2: 595 | BJQ2: 123 | BJR2: 16 | BJS2: 11 | BJT2: 410 | BJU2: 159 | BJV2: 105 | BJW2: 5 | BJX2: 269 | BJY2: 629 | BJZ2: 443 | BKA2: 217 | BKB2: 24 | BKC2: 9 | BKD2: 8 | BKE2: 1459 | BKF2: 230 | BKG2: 1 | BKH2: 340 | BKI2: 7 | BKJ2: 298 | BKK2: 479 | BKL2: 267 | BKM2: 67 | BKN2: 3 | BKO2: 980 | BKP2: 50 | BKQ2: 1 | BKR2: 19 | BKS2: 30 | BKT2: 213 | BKU2: 539 | BKV2: 284 | BKW2: 1003 | BKX2: 239 | BKY2: 51 | BKZ2: 527 | BLA2: 19 | BLB2: 40 | BLC2: 21 | BLD2: 593 | BLE2: 21 | BLF2: 1181 | BLG2: 1004 | BLH2: 202 | BLI2: 446 | BLJ2: 1184 | BLK2: 390 | BLL2: 726 | BLM2: 8 | BLN2: 50 | BLO2: 1 | BLP2: 308 | BLQ2: 22 | BLR2: 690 | BLS2: 43 | BLT2: 27 | BLU2: 6 | BLV2: 205 | BLW2: 24 | BLX2: 667 | BLY2: 691 | BLZ2: 493 | BMA2: 493 | BMB2: 494 | BMC2: 621 | BMD2: 9 | BME2: 1 | BMF2: 12 | BMG2: 243 | BMH2: 11 | BMI2: 532 | BMJ2: 29 | BMK2: 612 | BML2: 387 | BMM2: 56 | BMN2: 6 | BMO2: 582 | BMP2: 6 | BMQ2: 70 | BMR2: 962 | BMS2: 112 | BMT2: 293 | BMU2: 199 | BMV2: 1060 | BMW2: 940 | BMX2: 44 | BMY2: 342 | BMZ2: 2 | BNA2: 75 | BNB2: 520 | BNC2: 5 | BND2: 87 | BNE2: 462 | BNF2: 2 | BNG2: 979 | BNH2: 704 | BNI2: 861 | BNJ2: 172 | BNK2: 5 | BNL2: 194 | BNM2: 9 | BNN2: 505 | BNO2: 533 | BNP2: 48 | BNQ2: 6 | BNR2: 18 | BNS2: 482 | BNT2: 204 | BNU2: 1073 | BNV2: 245 | BNW2: 560 | BNX2: 173 | BNY2: 22 | BNZ2: 136 | BOA2: 275 | BOB2: 56 | BOC2: 303 | BOD2: 708 | BOE2: 324 | BOF2: 1 | BOG2: 620 | BOH2: 312 | BOI2: 1493 | BOJ2: 918 | BOK2: 98 | BOL2: 3 | BOM2: 380 | BON2: 15 | BOO2: 3 | BOP2: 24 | BOQ2: 80 | BOR2: 31 | BOS2: 138 | BOT2: 166 | BOU2: 12 | BOV2: 178 | BOW2: 707 | BOX2: 5 | BOY2: 465 | BOZ2: 16 | BPA2: 358 | BPB2: 1 | BPC2: 123 | BPD2: 40 | BPE2: 102 | BPF2: 347 | BPG2: 376 | BPH2: 21 | BPI2: 194 | BPJ2: 64 | BPK2: 206 | BPL2: 71 | BPM2: 71 | BPN2: 0 | BPO2: 93 | BPP2: 920 | BPQ2: 653 | BPR2: 199 | BPS2: 153 | BPT2: 376 | BPU2: 46 | BPV2: 600 | BPW2: 425 | BPX2: 18 | BPY2: 52 | BPZ2: 734 | BQA2: 34 | BQB2: 135 | BQC2: 11 | BQD2: 163 | BQE2: 29 | BQF2: 734 | BQG2: 340 | BQH2: 453 | BQI2: 1073 | BQJ2: 135 | BQK2: 231 | BQL2: 18 | BQM2: 620 | BQN2: 81 | BQO2: 12 | BQP2: 292 | BQQ2: 965 | BQR2: 27 | BQS2: 777 | BQT2: 572 | BQU2: 438 | BQV2: 531 | BQW2: 17 | BQX2: 402 | BQY2: 503 | BQZ2: 369 | BRA2: 5 | BRB2: 362 | BRC2: 56 | BRD2: 79 | BRE2: 387 | BRF2: 367 | BRG2: 15 | BRH2: 267 | BRI2: 298 | BRJ2: 674 | BRK2: 16 | BRL2: 37 | BRM2: 159 | BRN2: 686 | BRO2: 97 | BRP2: 63 | BRQ2: 56 | BRR2: 209 | BRS2: 198 | BRT2: 313 | BRU2: 941 | BRV2: 86 | BRW2: 167 | BRX2: 8 | BRY2: 389 | BRZ2: 239 | BSA2: 179 | BSB2: 5 | BSC2: 2 | BSD2: 383 | BSE2: 2 | BSF2: 536 | BSG2: 2 | BSH2: 322 | BSI2: 539 | BSJ2: 712 | BSK2: 1121 | BSL2: 68 | BSM2: 36 | BSN2: 707 | BSO2: 174 | BSP2: 666 | BSQ2: 0 | BSR2: 162 | BSS2: 407 | BST2: 823 | BSU2: 488 | BSV2: 28 | BSW2: 3 | BSX2: 284 | BSY2: 938 | BSZ2: 13 | BTA2: 412 | BTB2: 31 | BTC2: 502 | BTD2: 18 | BTE2: 1 | BTF2: 100 | BTG2: 407 | BTH2: 664 | BTI2: 1045 | BTJ2: 1218 | BTK2: 15 | BTL2: 128 | BTM2: 581 | BTN2: 6 | BTO2: 185 | BTP2: 22 | BTQ2: 584 | BTR2: 355 | BTS2: 175 | BTT2: 864 | BTU2: 957 | BTV2: 25 | BTW2: 641 | BTX2: 273 | BTY2: 122 | BTZ2: 1 | BUA2: 1020 | BUB2: 6 | BUC2: 378 | BUD2: 42 | BUE2: 15 | BUF2: 272 | BUG2: 9 | BUH2: 279 | BUI2: 398 | BUJ2: 637 | BUK2: 45 | BUL2: 21 | BUM2: 15 | BUN2: 493 | BUO2: 957 | BUP2: 829 | BUQ2: 1017 | BUR2: 953 | BUS2: 159 | BUT2: 32 | BUU2: 23 | BUV2: 18 | BUW2: 15 | BUX2: 23 | BUY2: 200 | BUZ2: 1324 | BVA2: 1193 | BVB2: 505 | BVC2: 2 | BVD2: 1103 | BVE2: 353 | BVF2: 652 | BVG2: 379 | BVH2: 46 | BVI2: 162 | BVJ2: 8 | BVK2: 17 | BVL2: 340 | BVM2: 8 | BVN2: 154 | BVO2: 710 | BVP2: 8 | BVQ2: 2 | BVR2: 1050 | BVS2: 19 | BVT2: 22 | BVU2: 274 | BVV2: 68 | BVW2: 344 | BVX2: 145 | BVY2: 217 | BVZ2: 18 | BWA2: 69 | BWB2: 144 | BWC2: 256 | BWD2: 483 | BWE2: 1285 | BWF2: 338 | BWG2: 605 | BWH2: 8 | BWI2: 172 | BWJ2: 448 | BWK2: 67 | BWL2: 512 | BWM2: 1462 | BWN2: 20 | BWO2: 50 | BWP2: 102 | BWQ2: 499 | BWR2: 381 | BWS2: 631 | BWT2: 526 | BWU2: 913 | BWV2: 673 | BWW2: 23 | BWX2: 199 | BWY2: 261 | BWZ2: 111 | BXA2: 16 | BXB2: 63 | BXC2: 58 | BXD2: 29 | BXE2: 3 | BXF2: 28 | BXG2: 40 | BXH2: 879 | BXI2: 62 | BXJ2: 280 | BXK2: 9 | BXL2: 182 | BXM2: 83 | BXN2: 38 | BXO2: 228 | BXP2: 1092 | BXQ2: 85 | BXR2: 1276 | BXS2: 1017 | BXT2: 6 | BXU2: 448 | BXV2: 504 | BXW2: 226 | BXX2: 239 | BXY2: 90 | BXZ2: 7 | BYA2: 4 | BYB2: 16 | BYC2: 10 | BYD2: 68 | BYE2: 35 | BYF2: 575 | BYG2: 315 | BYH2: 182 | BYI2: 561 | BYJ2: 587 | BYK2: 94 | BYL2: 908 | BYM2: 228 | BYN2: 995 | BYO2: 11 | BYP2: 3 | BYQ2: 12 | BYR2: 17 | BYS2: 8 | BYT2: 22 | BYU2: 14 | BYV2: 106 | BYW2: 820 | BYX2: 753 | BYY2: 13 | BYZ2: 9 | BZA2: 19 | BZB2: 520 | BZC2: 5 | BZD2: 618 | BZE2: 315 | BZF2: 15 | BZG2: 384 | BZH2: 110 | BZI2: 208 | BZJ2: 555 | BZK2: 240 | BZL2: 11 | BZM2: 848 | BZN2: 202 | BZO2: 433 | BZP2: 6 | BZQ2: 37 | BZR2: 167 | BZS2: 45 | BZT2: 129 | BZU2: 713 | BZV2: 676 | BZW2: 450 | BZX2: 22 | BZY2: 367 | BZZ2: 526 | CAA2: 51 | CAB2: 25 | CAC2: 28 | CAD2: 958 | CAE2: 532 | CAF2: 724 | CAG2: 375 | CAH2: 39 | CAI2: 23 | CAJ2: 587 | CAK2: 29 | CAL2: 757 | CAM2: 544 | CAN2: 40 | CAO2: 1245 | CAP2: 19 | CAQ2: 16 | CAR2: 376 | CAS2: 184 | CAT2: 15 | CAU2: 124 | CAV2: 627 | CAW2: 180 | CAX2: 14 | CAY2: 3 | CAZ2: 71 | CBA2: 161 | CBB2: 8 | CBC2: 264 | CBD2: 293 | CBE2: 758 | CBF2: 532 | CBG2: 656 | CBH2: 196 | CBI2: 835 | CBJ2: 16 | CBK2: 9 | CBL2: 229 | CBM2: 0 | CBN2: 121 | CBO2: 471 | CBP2: 520 | CBQ2: 26 | CBR2: 240 | CBS2: 178 | CBT2: 1486 | CBU2: 1115 | CBV2: 29 | CBW2: 529 | CBX2: 13 | CBY2: 934 | CBZ2: 2 | CCA2: 4 | CCB2: 62 | CCC2: 158 | CCD2: 173 | CCE2: 830 | CCF2: 189 | CCG2: 728 | CCH2: 7 | CCI2: 35 | CCJ2: 188 | CCK2: 742 | CCL2: 0 | CCM2: 750 | CCN2: 816 | CCO2: 5 | CCP2: 37 | CCQ2: 4 | CCR2: 99 | CCS2: 176 | CCT2: 54 | CCU2: 997 | CCV2: 356 | CCW2: 1311 | CCX2: 890 | CCY2: 4 | CCZ2: 17 | CDA2: 960 | CDB2: 2 | CDC2: 1 | CDD2: 240 | CDE2: 301 | CDF2: 154 | CDG2: 2 | CDH2: 104 | CDI2: 70 | CDJ2: 2 | CDK2: 23 | CDL2: 43 | CDM2: 4 | CDN2: 654 | CDO2: 912 | CDP2: 25 | CDQ2: 24 | CDR2: 141 | CDS2: 71 | CDT2: 35 | CDU2: 496 | CDV2: 9 | CDW2: 154 | CDX2: 9 | CDY2: 26 | CDZ2: 77 | CEA2: 11 | CEB2: 576 | CEC2: 89 | CED2: 1013 | CEE2: 224 | CEF2: 200 | CEG2: 570 | CEH2: 1 | CEI2: 62 | CEJ2: 531 | CEK2: 162 | CEL2: 675 | CEM2: 23 | CEN2: 492 | CEO2: 918 | CEP2: 224 | CEQ2: 572 | CER2: 626 | CES2: 1074 | CET2: 741 | CEU2: 322 | CEV2: 254 | CEW2: 116 | CEX2: 22 | CEY2: 516 | CEZ2: 14 | CFA2: 2 | CFB2: 28 | CFC2: 530 | CFD2: 519 | CFE2: 611 | CFF2: 240 | CFG2: 4 | CFH2: 671 | CFI2: 23 | CFJ2: 9 | CFK2: 556 | CFL2: 833 | CFM2: 12 | CFN2: 56 | CFO2: 293 | CFP2: 297 | CFQ2: 39 | CFR2: 5 | CFS2: 266 | CFT2: 322 | CFU2: 366 | CFV2: 32 | CFW2: 158 | CFX2: 269 | CFY2: 41 | CFZ2: 3 | CGA2: 33 | CGB2: 302 | CGC2: 519 | CGD2: 23 | CGE2: 594 | CGF2: 12 | CGG2: 4 | CGH2: 18 | CGI2: 332 | CGJ2: 5 | CGK2: 171 | CGL2: 270 | CGM2: 712 | CGN2: 2 | CGO2: 21 | CGP2: 580 | CGQ2: 368 | CGR2: 457 | CGS2: 229 | CGT2: 32 | CGU2: 3 | CGV2: 24 | CGW2: 853 | CGX2: 5 | CGY2: 9 | CGZ2: 3 | CHA2: 709 | CHB2: 406 | CHC2: 908 | CHD2: 428 | CHE2: 84
A3: MntFruits | B3: 88 | C3: 1 | D3: 49 | E3: 4 | F3: 43 | G3: 42 | H3: 65 | I3: 10 | J3: 0 | K3: 0 | L3: 5 | M3: 16 | N3: 61 | O3: 2 | P3: 14 | Q3: 22 | R3: 5 | S3: 5 | T3: 80 | U3: 17 | V3: 2 | W3: 1 | X3: 0 | Y3: 0 | Z3: 3 | AA3: 4 | AB3: 4 | AC3: 1 | AD3: 2 | AE3: 100 | AF3: 4 | AG3: 17 | AH3: 0 | AI3: 12 | AJ3: 34 | AK3: 0 | AL3: 17 | AM3: 3 | AN3: 0 | AO3: 8 | AP3: 76 | AQ3: 1 | AR3: 0 | AS3: 11 | AT3: 1 | AU3: 164 | AV3: 18 | AW3: 6 | AX3: 5 | AY3: 50 | AZ3: 19 | BA3: 37 | BB3: 6 | BC3: 120 | BD3: 9 | BE3: 51 | BF3: 35 | BG3: 0 | BH3: 3 | BI3: 0 | BJ3: 26 | BK3: 18 | BL3: 7 | BM3: 0 | BN3: 40 | BO3: 3 | BP3: 0 | BQ3: 14 | BR3: 49 | BS3: 59 | BT3: 36 | BU3: 3 | BV3: 107 | BW3: 6 | BX3: 10 | BY3: 1 | BZ3: 111 | CA3: 105 | CB3: 0 | CC3: 0 | CD3: 4 | CE3: 1 | CF3: 5 | CG3: 17 | CH3: 23 | CI3: 8 | CJ3: 0 | CK3: 6 | CL3: 60 | CM3: 9 | CN3: 42 | CO3: 0 | CP3: 37 | CQ3: 2 | CR3: 2 | CS3: 3 | CT3: 0 | CU3: 2 | CV3: 26 | CW3: 46 | CX3: 1 | CY3: 1 | CZ3: 172 | DA3: 81 | DB3: 76 | DC3: 3 | DD3: 1 | DE3: 106 | DF3: 3 | DG3: 194 | DH3: 115 | DI3: 17 | DJ3: 0 | DK3: 44 | DL3: 0 | DM3: 1 | DN3: 99 | DO3: 90 | DP3: 5 | DQ3: 6 | DR3: 48 | DS3: 3 | DT3: 0 | DU3: 0 | DV3: 27 | DW3: 33 | DX3: 133 | DY3: 0 | DZ3: 0 | EA3: 19 | EB3: 58 | EC3: 5 | ED3: 106 | EE3: 65 | EF3: 0 | EG3: 14 | EH3: 1 | EI3: 1 | EJ3: 0 | EK3: 1 | EL3: 61 | EM3: 0 | EN3: 28 | EO3: 16 | EP3: 34 | EQ3: 16 | ER3: 1 | ES3: 1 | ET3: 3 | EU3: 16 | EV3: 21 | EW3: 17 | EX3: 20 | EY3: 7 | EZ3: 0 | FA3: 26 | FB3: 6 | FC3: 1 | FD3: 11 | FE3: 11 | FF3: 0 | FG3: 16 | FH3: 3 | FI3: 12 | FJ3: 2 | FK3: 1 | FL3: 16 | FM3: 5 | FN3: 162 | FO3: 10 | FP3: 3 | FQ3: 4 | FR3: 7 | FS3: 0 | FT3: 0 | FU3: 71 | FV3: 66 | FW3: 0 | FX3: 0 | FY3: 26 | FZ3: 3 | GA3: 11 | GB3: 26 | GC3: 1 | GD3: 9 | GE3: 1 | GF3: 0 | GG3: 0 | GH3: 30 | GI3: 1 | GJ3: 4 | GK3: 22 | GL3: 6 | GM3: 3 | GN3: 6 | GO3: 0 | GP3: 16 | GQ3: 17 | GR3: 189 | GS3: 1 | GT3: 4 | GU3: 138 | GV3: 43 | GW3: 29 | GX3: 0 | GY3: 4 | GZ3: 6 | HA3: 18 | HB3: 0 | HC3: 48 | HD3: 24 | HE3: 22 | HF3: 0 | HG3: 0 | HH3: 10 | HI3: 7 | HJ3: 0 | HK3: 16 | HL3: 4 | HM3: 32 | HN3: 11 | HO3: 10 | HP3: 7 | HQ3: 1 | HR3: 23 | HS3: 0 | HT3: 7 | HU3: 20 | HV3: 86 | HW3: 1 | HX3: 7 | HY3: 76 | HZ3: 1 | IA3: 4 | IB3: 21 | IC3: 9 | ID3: 0 | IE3: 5 | IF3: 3 | IG3: 0 | IH3: 61 | II3: 114 | IJ3: 1 | IK3: 153 | IL3: 0 | IM3: 0 | IN3: 16 | IO3: 64 | IP3: 134 | IQ3: 28 | IR3: 3 | IS3: 3 | IT3: 148 | IU3: 47 | IV3: 28 | IW3: 0 | IX3: 21 | IY3: 33 | IZ3: 4 | JA3: 0 | JB3: 2 | JC3: 41 | JD3: 2 | JE3: 0 | JF3: 2 | JG3: 4 | JH3: 84 | JI3: 2 | JJ3: 74 | JK3: 7 | JL3: 44 | JM3: 7 | JN3: 0 | JO3: 2 | JP3: 6 | JQ3: 7 | JR3: 162 | JS3: 129 | JT3: 0 | JU3: 15 | JV3: 19 | JW3: 7 | JX3: 5 | JY3: 7 | JZ3: 0 | KA3: 6 | KB3: 98 | KC3: 28 | KD3: 183 | KE3: 3 | KF3: 6 | KG3: 0 | KH3: 129 | KI3: 3 | KJ3: 1 | KK3: 0 | KL3: 4 | KM3: 4 | KN3: 15 | KO3: 0 | KP3: 0 | KQ3: 14 | KR3: 0 | KS3: 15 | KT3: 1 | KU3: 147 | KV3: 26 | KW3: 11 | KX3: 0 | KY3: 2 | KZ3: 5 | LA3: 0 | LB3: 138 | LC3: 44 | LD3: 0 | LE3: 0 | LF3: 4 | LG3: 64 | LH3: 0 | LI3: 20 | LJ3: 5 | LK3: 3 | LL3: 0 | LM3: 60 | LN3: 17 | LO3: 0 | LP3: 2 | LQ3: 1 | LR3: 0 | LS3: 7 | LT3: 1 | LU3: 2 | LV3: 11 | LW3: 1 | LX3: 2 | LY3: 46 | LZ3: 153 | MA3: 2 | MB3: 61 | MC3: 144 | MD3: 19 | ME3: 32 | MF3: 0 | MG3: 14 | MH3: 6 | MI3: 34 | MJ3: 0 | MK3: 104 | ML3: 0 | MM3: 0 | MN3: 33 | MO3: 80 | MP3: 20 | MQ3: 91 | MR3: 0 | MS3: 2 | MT3: 0 | MU3: 64 | MV3: 17 | MW3: 15 | MX3: 163 | MY3: 0 | MZ3: 3 | NA3: 0 | NB3: 8 | NC3: 0 | ND3: 0 | NE3: 3 | NF3: 33 | NG3: 0 | NH3: 4 | NI3: 4 | NJ3: 1 | NK3: 12 | NL3: 4 | NM3: 0 | NN3: 9 | NO3: 4 | NP3: 24 | NQ3: 9 | NR3: 0 | NS3: 6 | NT3: 12 | NU3: 3 | NV3: 0 | NW3: 7 | NX3: 11 | NY3: 50 | NZ3: 0 | OA3: 21 | OB3: 134 | OC3: 4 | OD3: 152 | OE3: 9 | OF3: 35 | OG3: 0 | OH3: 1 | OI3: 2 | OJ3: 0 | OK3: 4 | OL3: 1 | OM3: 105 | ON3: 5 | OO3: 36 | OP3: 0 | OQ3: 0 | OR3: 3 | OS3: 7 | OT3: 0 | OU3: 9 | OV3: 22 | OW3: 53 | OX3: 0 | OY3: 44 | OZ3: 34 | PA3: 0 | PB3: 5 | PC3: 26 | PD3: 114 | PE3: 0 | PF3: 3 | PG3: 3 | PH3: 2 | PI3: 68 | PJ3: 42 | PK3: 0 | PL3: 137 | PM3: 0 | PN3: 2 | PO3: 0 | PP3: 16 | PQ3: 0 | PR3: 47 | PS3: 66 | PT3: 0 | PU3: 0 | PV3: 35 | PW3: 4 | PX3: 0 | PY3: 11 | PZ3: 4 | QA3: 28 | QB3: 1 | QC3: 4 | QD3: 6 | QE3: 0 | QF3: 14 | QG3: 190 | QH3: 7 | QI3: 7 | QJ3: 16 | QK3: 38 | QL3: 2 | QM3: 70 | QN3: 19 | QO3: 24 | QP3: 24 | QQ3: 11 | QR3: 15 | QS3: 96 | QT3: 0 | QU3: 0 | QV3: 0 | QW3: 84 | QX3: 5 | QY3: 25 | QZ3: 17 | RA3: 1 | RB3: 42 | RC3: 8 | RD3: 76 | RE3: 0 | RF3: 8 | RG3: 1 | RH3: 1 | RI3: 0 | RJ3: 3 | RK3: 0 | RL3: 22 | RM3: 7 | RN3: 7 | RO3: 3 | RP3: 15 | RQ3: 2 | RR3: 28 | RS3: 74 | RT3: 0 | RU3: 12 | RV3: 0 | RW3: 1 | RX3: 19 | RY3: 2 | RZ3: 20 | SA3: 0 | SB3: 13 | SC3: 25 | SD3: 1 | SE3: 0 | SF3: 0 | SG3: 14 | SH3: 2 | SI3: 0 | SJ3: 36 | SK3: 0 | SL3: 0 | SM3: 10 | SN3: 162 | SO3: 70 | SP3: 4 | SQ3: 138 | SR3: 1 | SS3: 83 | ST3: 17 | SU3: 92 | SV3: 0 | SW3: 20 | SX3: 0 | SY3: 7 | SZ3: 23 | TA3: 134 | TB3: 1 | TC3: 73 | TD3: 2 | TE3: 33 | TF3: 1 | TG3: 4 | TH3: 38 | TI3: 15 | TJ3: 155 | TK3: 10 | TL3: 61 | TM3: 54 | TN3: 4 | TO3: 6 | TP3: 3 | TQ3: 12 | TR3: 0 | TS3: 151 | TT3: 4 | TU3: 3 | TV3: 9 | TW3: 10 | TX3: 3 | TY3: 19 | TZ3: 18 | UA3: 4 | UB3: 46 | UC3: 7 | UD3: 3 | UE3: 0 | UF3: 4 | UG3: 16 | UH3: 0 | UI3: 3 | UJ3: 28 | UK3: 17 | UL3: 85 | UM3: 129 | UN3: 4 | UO3: 38 | UP3: 8 | UQ3: 153 | UR3: 25 | US3: 129 | UT3: 18 | UU3: 2 | UV3: 10 | UW3: 0 | UX3: 0 | UY3: 0 | UZ3: 0 | VA3: 0 | VB3: 12 | VC3: 5 | VD3: 6 | VE3: 12 | VF3: 0 | VG3: 4 | VH3: 0 | VI3: 13 | VJ3: 0 | VK3: 3 | VL3: 0 | VM3: 12 | VN3: 0 | VO3: 1 | VP3: 21 | VQ3: 47 | VR3: 4 | VS3: 9 | VT3: 0 | VU3: 183 | VV3: 127 | VW3: 6 | VX3: 30 | VY3: 4 | VZ3: 12 | WA3: 0 | WB3: 7 | WC3: 3 | WD3: 0 | WE3: 28 | WF3: 32 | WG3: 16 | WH3: 3 | WI3: 10 | WJ3: 0 | WK3: 1 | WL3: 4 | WM3: 0 | WN3: 13 | WO3: 25 | WP3: 8 | WQ3: 0 | WR3: 91 | WS3: 13 | WT3: 0 | WU3: 1 | WV3: 6 | WW3: 8 | WX3: 0 | WY3: 8 | WZ3: 35 | XA3: 6 | XB3: 22 | XC3: 2 | XD3: 63 | XE3: 17 | XF3: 18 | XG3: 5 | XH3: 107 | XI3: 45 | XJ3: 129 | XK3: 24 | XL3: 22 | XM3: 0 | XN3: 20 | XO3: 103 | XP3: 69 | XQ3: 21 | XR3: 50 | XS3: 66 | XT3: 89 | XU3: 3 | XV3: 105 | XW3: 2 | XX3: 181 | XY3: 6 | XZ3: 0 | YA3: 4 | YB3: 19 | YC3: 0 | YD3: 80 | YE3: 2 | YF3: 3 | YG3: 1 | YH3: 3 | YI3: 47 | YJ3: 112 | YK3: 1 | YL3: 0 | YM3: 6 | YN3: 53 | YO3: 2 | YP3: 1 | YQ3: 1 | YR3: 0 | YS3: 10 | YT3: 0 | YU3: 16 | YV3: 61 | YW3: 9 | YX3: 159 | YY3: 59 | YZ3: 0 | ZA3: 1 | ZB3: 12 | ZC3: 81 | ZD3: 4 | ZE3: 32 | ZF3: 23 | ZG3: 134 | ZH3: 11 | ZI3: 6 | ZJ3: 32 | ZK3: 18 | ZL3: 102 | ZM3: 16 | ZN3: 40 | ZO3: 86 | ZP3: 0 | ZQ3: 0 | ZR3: 15 | ZS3: 0 | ZT3: 1 | ZU3: 4 | ZV3: 2 | ZW3: 1 | ZX3: 11 | ZY3: 22 | ZZ3: 11 | AAA3: 123 | AAB3: 12 | AAC3: 32 | AAD3: 19 | AAE3: 80 | AAF3: 0 | AAG3: 6 | AAH3: 0 | AAI3: 1 | AAJ3: 3 | AAK3: 58 | AAL3: 10 | AAM3: 5 | AAN3: 13 | AAO3: 40 | AAP3: 25 | AAQ3: 4 | AAR3: 81 | AAS3: 2 | AAT3: 9 | AAU3: 0 | AAV3: 0 | AAW3: 166 | AAX3: 0 | AAY3: 0 | AAZ3: 25 | ABA3: 142 | ABB3: 3 | ABC3: 22 | ABD3: 0 | ABE3: 4 | ABF3: 9 | ABG3: 2 | ABH3: 28 | ABI3: 0 | ABJ3: 79 | ABK3: 39 | ABL3: 0 | ABM3: 133 | ABN3: 10 | ABO3: 2 | ABP3: 1 | ABQ3: 11 | ABR3: 26 | ABS3: 31 | ABT3: 5 | ABU3: 17 | ABV3: 3 | ABW3: 80 | ABX3: 42 | ABY3: 8 | ABZ3: 53 | ACA3: 178 | ACB3: 93 | ACC3: 35 | ACD3: 12 | ACE3: 10 | ACF3: 2 | ACG3: 0 | ACH3: 5 | ACI3: 16 | ACJ3: 107 | ACK3: 1 | ACL3: 35 | ACM3: 3 | ACN3: 51 | ACO3: 97 | ACP3: 12 | ACQ3: 7 | ACR3: 32 | ACS3: 115 | ACT3: 5 | ACU3: 1 | ACV3: 2 | ACW3: 0 | ACX3: 0 | ACY3: 11 | ACZ3: 1 | ADA3: 0 | ADB3: 12 | ADC3: 5 | ADD3: 3 | ADE3: 3 | ADF3: 2 | ADG3: 12 | ADH3: 2 | ADI3: 48 | ADJ3: 9 | ADK3: 27 | ADL3: 168 | ADM3: 23 | ADN3: 8 | ADO3: 2 | ADP3: 19 | ADQ3: 3 | ADR3: 28 | ADS3: 44 | ADT3: 91 | ADU3: 1 | ADV3: 5 | ADW3: 1 | ADX3: 23 | ADY3: 148 | ADZ3: 43 | AEA3: 0 | AEB3: 1 | AEC3: 28 | AED3: 53 | AEE3: 26 | AEF3: 10 | AEG3: 2 | AEH3: 174 | AEI3: 0 | AEJ3: 73 | AEK3: 9 | AEL3: 2 | AEM3: 0 | AEN3: 14 | AEO3: 7 | AEP3: 53 | AEQ3: 10 | AER3: 5 | AES3: 3 | AET3: 38 | AEU3: 122 | AEV3: 15 | AEW3: 1 | AEX3: 28 | AEY3: 0 | AEZ3: 5 | AFA3: 16 | AFB3: 5 | AFC3: 5 | AFD3: 1 | AFE3: 123 | AFF3: 9 | AFG3: 50 | AFH3: 0 | AFI3: 5 | AFJ3: 6 | AFK3: 65 | AFL3: 7 | AFM3: 14 | AFN3: 50 | AFO3: 74 | AFP3: 91 | AFQ3: 7 | AFR3: 1 | AFS3: 2 | AFT3: 2 | AFU3: 0 | AFV3: 54 | AFW3: 0 | AFX3: 0 | AFY3: 199 | AFZ3: 0 | AGA3: 64 | AGB3: 2 | AGC3: 20 | AGD3: 2 | AGE3: 2 | AGF3: 2 | AGG3: 35 | AGH3: 39 | AGI3: 11 | AGJ3: 11 | AGK3: 0 | AGL3: 62 | AGM3: 12 | AGN3: 0 | AGO3: 47 | AGP3: 0 | AGQ3: 13 | AGR3: 58 | AGS3: 22 | AGT3: 4 | AGU3: 12 | AGV3: 68 | AGW3: 23 | AGX3: 10 | AGY3: 1 | AGZ3: 1 | AHA3: 0 | AHB3: 102 | AHC3: 55 | AHD3: 2 | AHE3: 0 | AHF3: 14 | AHG3: 60 | AHH3: 3 | AHI3: 20 | AHJ3: 31 | AHK3: 0 | AHL3: 8 | AHM3: 8 | AHN3: 58 | AHO3: 138 | AHP3: 55 | AHQ3: 17 | AHR3: 33 | AHS3: 0 | AHT3: 101 | AHU3: 21 | AHV3: 7 | AHW3: 92 | AHX3: 28 | AHY3: 1 | AHZ3: 0 | AIA3: 9 | AIB3: 28 | AIC3: 12 | AID3: 0 | AIE3: 3 | AIF3: 29 | AIG3: 61 | AIH3: 19 | AII3: 19 | AIJ3: 29 | AIK3: 64 | AIL3: 0 | AIM3: 26 | AIN3: 20 | AIO3: 6 | AIP3: 99 | AIQ3: 28 | AIR3: 23 | AIS3: 111 | AIT3: 152 | AIU3: 80 | AIV3: 0 | AIW3: 9 | AIX3: 0 | AIY3: 4 | AIZ3: 35 | AJA3: 0 | AJB3: 21 | AJC3: 0 | AJD3: 17 | AJE3: 7 | AJF3: 86 | AJG3: 12 | AJH3: 98 | AJI3: 24 | AJJ3: 7 | AJK3: 0 | AJL3: 42 | AJM3: 25 | AJN3: 2 | AJO3: 28 | AJP3: 0 | AJQ3: 0 | AJR3: 7 | AJS3: 6 | AJT3: 0 | AJU3: 2 | AJV3: 27 | AJW3: 5 | AJX3: 2 | AJY3: 3 | AJZ3: 85 | AKA3: 0 | AKB3: 7 | AKC3: 4 | AKD3: 12 | AKE3: 107 | AKF3: 21 | AKG3: 2 | AKH3: 0 | AKI3: 36 | AKJ3: 137 | AKK3: 0 | AKL3: 5 | AKM3: 35 | AKN3: 138 | AKO3: 8 | AKP3: 55 | AKQ3: 3 | AKR3: 9 | AKS3: 17 | AKT3: 1 | AKU3: 1 | AKV3: 3 | AKW3: 43 | AKX3: 168 | AKY3: 3 | AKZ3: 93 | ALA3: 22 | ALB3: 26 | ALC3: 0 | ALD3: 17 | ALE3: 6 | ALF3: 5 | ALG3: 63 | ALH3: 0 | ALI3: 2 | ALJ3: 0 | ALK3: 10 | ALL3: 25 | ALM3: 8 | ALN3: 19 | ALO3: 21 | ALP3: 16 | ALQ3: 12 | ALR3: 2 | ALS3: 43 | ALT3: 46 | ALU3: 31 | ALV3: 3 | ALW3: 0 | ALX3: 0 | ALY3: 1 | ALZ3: 20 | AMA3: 0 | AMB3: 0 | AMC3: 67 | AMD3: 114 | AME3: 4 | AMF3: 3 | AMG3: 42 | AMH3: 2 | AMI3: 1 | AMJ3: 36 | AMK3: 0 | AML3: 9 | AMM3: 53 | AMN3: 8 | AMO3: 8 | AMP3: 0 | AMQ3: 80 | AMR3: 98 | AMS3: 172 | AMT3: 81 | AMU3: 10 | AMV3: 60 | AMW3: 33 | AMX3: 1 | AMY3: 0 | AMZ3: 3 | ANA3: 0 | ANB3: 24 | ANC3: 1 | AND3: 18 | ANE3: 30 | ANF3: 0 | ANG3: 1 | ANH3: 11 | ANI3: 96 | ANJ3: 12 | ANK3: 13 | ANL3: 114 | ANM3: 0 | ANN3: 22 | ANO3: 2 | ANP3: 0 | ANQ3: 44 | ANR3: 5 | ANS3: 0 | ANT3: 28 | ANU3: 28 | ANV3: 0 | ANW3: 19 | ANX3: 83 | ANY3: 0 | ANZ3: 19 | AOA3: 4 | AOB3: 117 | AOC3: 33 | AOD3: 2 | AOE3: 44 | AOF3: 0 | AOG3: 114 | AOH3: 21 | AOI3: 0 | AOJ3: 10 | AOK3: 178 | AOL3: 44 | AOM3: 1 | AON3: 14 | AOO3: 2 | AOP3: 108 | AOQ3: 10 | AOR3: 42 | AOS3: 0 | AOT3: 57 | AOU3: 8 | AOV3: 1 | AOW3: 27 | AOX3: 0 | AOY3: 130 | AOZ3: 19 | APA3: 8 | APB3: 23 | APC3: 4 | APD3: 0 | APE3: 50 | APF3: 8 | APG3: 80 | APH3: 0 | API3: 35 | APJ3: 161 | APK3: 54 | APL3: 19 | APM3: 2 | APN3: 0 | APO3: 53 | APP3: 0 | APQ3: 4 | APR3: 32 | APS3: 9 | APT3: 56 | APU3: 45 | APV3: 0 | APW3: 19 | APX3: 3 | APY3: 28 | APZ3: 2 | AQA3: 39 | AQB3: 23 | AQC3: 11 | AQD3: 28 | AQE3: 0 | AQF3: 0 | AQG3: 17 | AQH3: 5 | AQI3: 3 | AQJ3: 47 | AQK3: 0 | AQL3: 3 | AQM3: 29 | AQN3: 8 | AQO3: 1 | AQP3: 4 | AQQ3: 42 | AQR3: 138 | AQS3: 5 | AQT3: 4 | AQU3: 76 | AQV3: 4 | AQW3: 5 | AQX3: 48 | AQY3: 0 | AQZ3: 5 | ARA3: 0 | ARB3: 124 | ARC3: 0 | ARD3: 7 | ARE3: 0 | ARF3: 3 | ARG3: 0 | ARH3: 40 | ARI3: 126 | ARJ3: 2 | ARK3: 35 | ARL3: 6 | ARM3: 0 | ARN3: 9 | ARO3: 105 | ARP3: 80 | ARQ3: 80 | ARR3: 5 | ARS3: 0 | ART3: 4 | ARU3: 45 | ARV3: 0 | ARW3: 35 | ARX3: 13 | ARY3: 9 | ARZ3: 75 | ASA3: 40 | ASB3: 0 | ASC3: 6 | ASD3: 83 | ASE3: 7 | ASF3: 23 | ASG3: 2 | ASH3: 0 | ASI3: 21 | ASJ3: 5 | ASK3: 120 | ASL3: 14 | ASM3: 8 | ASN3: 0 | ASO3: 12 | ASP3: 1 | ASQ3: 4 | ASR3: 2 | ASS3: 0 | AST3: 1 | ASU3: 2 | ASV3: 66 | ASW3: 0 | ASX3: 0 | ASY3: 13 | ASZ3: 2 | ATA3: 15 | ATB3: 12 | ATC3: 34 | ATD3: 8 | ATE3: 142 | ATF3: 6 | ATG3: 104 | ATH3: 3 | ATI3: 2 | ATJ3: 10 | ATK3: 13 | ATL3: 100 | ATM3: 12 | ATN3: 0 | ATO3: 3 | ATP3: 3 | ATQ3: 73 | ATR3: 38 | ATS3: 59 | ATT3: 6 | ATU3: 9 | ATV3: 83 | ATW3: 0 | ATX3: 0 | ATY3: 0 | ATZ3: 45 | AUA3: 6 | AUB3: 61 | AUC3: 1 | AUD3: 1 | AUE3: 12 | AUF3: 15 | AUG3: 7 | AUH3: 3 | AUI3: 0 | AUJ3: 5 | AUK3: 0 | AUL3: 5 | AUM3: 3 | AUN3: 0 | AUO3: 0 | AUP3: 1 | AUQ3: 15 | AUR3: 4 | AUS3: 11 | AUT3: 6 | AUU3: 1 | AUV3: 106 | AUW3: 51 | AUX3: 9 | AUY3: 1 | AUZ3: 17 | AVA3: 0 | AVB3: 0 | AVC3: 19 | AVD3: 29 | AVE3: 28 | AVF3: 59 | AVG3: 27 | AVH3: 23 | AVI3: 0 | AVJ3: 15 | AVK3: 81 | AVL3: 0 | AVM3: 63 | AVN3: 0 | AVO3: 17 | AVP3: 51 | AVQ3: 0 | AVR3: 0 | AVS3: 161 | AVT3: 6 | AVU3: 4 | AVV3: 1 | AVW3: 26 | AVX3: 38 | AVY3: 15 | AVZ3: 17 | AWA3: 5 | AWB3: 6 | AWC3: 12 | AWD3: 2 | AWE3: 0 | AWF3: 21 | AWG3: 6 | AWH3: 185 | AWI3: 54 | AWJ3: 4 | AWK3: 61 | AWL3: 23 | AWM3: 2 | AWN3: 0 | AWO3: 2 | AWP3: 147 | AWQ3: 112 | AWR3: 2 | AWS3: 1 | AWT3: 5 | AWU3: 0 | AWV3: 0 | AWW3: 1 | AWX3: 2 | AWY3: 7 | AWZ3: 79 | AXA3: 5 | AXB3: 1 | AXC3: 24 | AXD3: 6 | AXE3: 5 | AXF3: 72 | AXG3: 7 | AXH3: 6 | AXI3: 29 | AXJ3: 0 | AXK3: 51 | AXL3: 32 | AXM3: 14 | AXN3: 5 | AXO3: 162 | AXP3: 40 | AXQ3: 0 | AXR3: 45 | AXS3: 2 | AXT3: 4 | AXU3: 2 | AXV3: 86 | AXW3: 6 | AXX3: 48 | AXY3: 8 | AXZ3: 10 | AYA3: 0 | AYB3: 7 | AYC3: 4 | AYD3: 11 | AYE3: 53 | AYF3: 5 | AYG3: 57 | AYH3: 36 | AYI3: 70 | AYJ3: 0 | AYK3: 33 | AYL3: 108 | AYM3: 2 | AYN3: 6 | AYO3: 13 | AYP3: 0 | AYQ3: 6 | AYR3: 0 | AYS3: 0 | AYT3: 4 | AYU3: 10 | AYV3: 7 | AYW3: 46 | AYX3: 7 | AYY3: 76 | AYZ3: 73 | AZA3: 0 | AZB3: 2 | AZC3: 12 | AZD3: 25 | AZE3: 161 | AZF3: 15 | AZG3: 17 | AZH3: 129 | AZI3: 1 | AZJ3: 24 | AZK3: 4 | AZL3: 15 | AZM3: 21 | AZN3: 7 | AZO3: 10 | AZP3: 7 | AZQ3: 4 | AZR3: 19 | AZS3: 11 | AZT3: 6 | AZU3: 4 | AZV3: 0 | AZW3: 0 | AZX3: 8 | AZY3: 10 | AZZ3: 0 | BAA3: 13 | BAB3: 0 | BAC3: 5 | BAD3: 14 | BAE3: 10 | BAF3: 4 | BAG3: 1 | BAH3: 3 | BAI3: 24 | BAJ3: 1 | BAK3: 1 | BAL3: 1 | BAM3: 93 | BAN3: 0 | BAO3: 14 | BAP3: 1 | BAQ3: 4 | BAR3: 0 | BAS3: 7 | BAT3: 0 | BAU3: 3 | BAV3: 15 | BAW3: 64 | BAX3: 2 | BAY3: 14 | BAZ3: 1 | BBA3: 5 | BBB3: 7 | BBC3: 3 | BBD3: 12 | BBE3: 35 | BBF3: 13 | BBG3: 2 | BBH3: 7 | BBI3: 16 | BBJ3: 1 | BBK3: 93 | BBL3: 12 | BBM3: 56 | BBN3: 23 | BBO3: 28 | BBP3: 4 | BBQ3: 3 | BBR3: 0 | BBS3: 172 | BBT3: 12 | BBU3: 1 | BBV3: 1 | BBW3: 18 | BBX3: 0 | BBY3: 1 | BBZ3: 10 | BCA3: 87 | BCB3: 0 | BCC3: 3 | BCD3: 21 | BCE3: 3 | BCF3: 26 | BCG3: 2 | BCH3: 2 | BCI3: 4 | BCJ3: 36 | BCK3: 12 | BCL3: 2 | BCM3: 1 | BCN3: 0 | BCO3: 19 | BCP3: 168 | BCQ3: 27 | BCR3: 35 | BCS3: 8 | BCT3: 54 | BCU3: 27 | BCV3: 10 | BCW3: 151 | BCX3: 102 | BCY3: 0 | BCZ3: 13 | BDA3: 81 | BDB3: 3 | BDC3: 8 | BDD3: 68 | BDE3: 64 | BDF3: 5 | BDG3: 59 | BDH3: 0 | BDI3: 13 | BDJ3: 0 | BDK3: 23 | BDL3: 10 | BDM3: 31 | BDN3: 0 | BDO3: 84 | BDP3: 3 | BDQ3: 7 | BDR3: 0 | BDS3: 24 | BDT3: 35 | BDU3: 8 | BDV3: 14 | BDW3: 0 | BDX3: 1 | BDY3: 0 | BDZ3: 199 | BEA3: 28 | BEB3: 3 | BEC3: 4 | BED3: 97 | BEE3: 25 | BEF3: 127 | BEG3: 0 | BEH3: 89 | BEI3: 17 | BEJ3: 42 | BEK3: 0 | BEL3: 172 | BEM3: 35 | BEN3: 3 | BEO3: 161 | BEP3: 0 | BEQ3: 10 | BER3: 56 | BES3: 12 | BET3: 9 | BEU3: 3 | BEV3: 15 | BEW3: 6 | BEX3: 26 | BEY3: 8 | BEZ3: 5 | BFA3: 104 | BFB3: 197 | BFC3: 16 | BFD3: 137 | BFE3: 0 | BFF3: 76 | BFG3: 42 | BFH3: 12 | BFI3: 51 | BFJ3: 0 | BFK3: 8 | BFL3: 1 | BFM3: 17 | BFN3: 111 | BFO3: 98 | BFP3: 6 | BFQ3: 3 | BFR3: 1 | BFS3: 0 | BFT3: 194 | BFU3: 8 | BFV3: 48 | BFW3: 11 | BFX3: 43 | BFY3: 7 | BFZ3: 62 | BGA3: 0 | BGB3: 36 | BGC3: 20 | BGD3: 0 | BGE3: 82 | BGF3: 0 | BGG3: 40 | BGH3: 4 | BGI3: 72 | BGJ3: 38 | BGK3: 0 | BGL3: 0 | BGM3: 4 | BGN3: 12 | BGO3: 4 | BGP3: 35 | BGQ3: 1 | BGR3: 1 | BGS3: 26 | BGT3: 184 | BGU3: 30 | BGV3: 80 | BGW3: 1 | BGX3: 2 | BGY3: 1 | BGZ3: 5 | BHA3: 88 | BHB3: 12 | BHC3: 0 | BHD3: 3 | BHE3: 99 | BHF3: 0 | BHG3: 11 | BHH3: 63 | BHI3: 15 | BHJ3: 0 | BHK3: 9 | BHL3: 22 | BHM3: 1 | BHN3: 120 | BHO3: 4 | BHP3: 15 | BHQ3: 0 | BHR3: 3 | BHS3: 0 | BHT3: 4 | BHU3: 43 | BHV3: 1 | BHW3: 32 | BHX3: 47 | BHY3: 8 | BHZ3: 23 | BIA3: 0 | BIB3: 12 | BIC3: 58 | BID3: 6 | BIE3: 160 | BIF3: 1 | BIG3: 66 | BIH3: 7 | BII3: 5 | BIJ3: 0 | BIK3: 3 | BIL3: 2 | BIM3: 8 | BIN3: 107 | BIO3: 0 | BIP3: 0 | BIQ3: 108 | BIR3: 12 | BIS3: 1 | BIT3: 1 | BIU3: 0 | BIV3: 31 | BIW3: 32 | BIX3: 3 | BIY3: 19 | BIZ3: 19 | BJA3: 6 | BJB3: 185 | BJC3: 2 | BJD3: 0 | BJE3: 115 | BJF3: 0 | BJG3: 11 | BJH3: 12 | BJI3: 0 | BJJ3: 1 | BJK3: 16 | BJL3: 96 | BJM3: 8 | BJN3: 18 | BJO3: 2 | BJP3: 71 | BJQ3: 133 | BJR3: 0 | BJS3: 12 | BJT3: 112 | BJU3: 2 | BJV3: 0 | BJW3: 1 | BJX3: 15 | BJY3: 0 | BJZ3: 5 | BKA3: 77 | BKB3: 1 | BKC3: 1 | BKD3: 0 | BKE3: 0 | BKF3: 48 | BKG3: 3 | BKH3: 21 | BKI3: 1 | BKJ3: 7 | BKK3: 35 | BKL3: 140 | BKM3: 4 | BKN3: 1 | BKO3: 37 | BKP3: 4 | BKQ3: 0 | BKR3: 0 | BKS3: 5 | BKT3: 9 | BKU3: 30 | BKV3: 16 | BKW3: 34 | BKX3: 13 | BKY3: 23 | BKZ3: 24 | BLA3: 5 | BLB3: 2 | BLC3: 8 | BLD3: 30 | BLE3: 5 | BLF3: 107 | BLG3: 59 | BLH3: 2 | BLI3: 107 | BLJ3: 102 | BLK3: 22 | BLL3: 53 | BLM3: 8 | BLN3: 15 | BLO3: 1 | BLP3: 0 | BLQ3: 2 | BLR3: 117 | BLS3: 5 | BLT3: 0 | BLU3: 0 | BLV3: 7 | BLW3: 0 | BLX3: 50 | BLY3: 7 | BLZ3: 26 | BMA3: 70 | BMB3: 5 | BMC3: 73 | BMD3: 0 | BME3: 6 | BMF3: 4 | BMG3: 131 | BMH3: 1 | BMI3: 21 | BMJ3: 0 | BMK3: 91 | BML3: 126 | BMM3: 0 | BMN3: 8 | BMO3: 0 | BMP3: 17 | BMQ3: 6 | BMR3: 12 | BMS3: 10 | BMT3: 0 | BMU3: 12 | BMV3: 61 | BMW3: 44 | BMX3: 2 | BMY3: 51 | BMZ3: 10 | BNA3: 12 | BNB3: 20 | BNC3: 3 | BND3: 5 | BNE3: 61 | BNF3: 2 | BNG3: 44 | BNH3: 129 | BNI3: 31 | BNJ3: 3 | BNK3: 7 | BNL3: 2 | BNM3: 7 | BNN3: 72 | BNO3: 10 | BNP3: 0 | BNQ3: 1 | BNR3: 2 | BNS3: 147 | BNT3: 97 | BNU3: 0 | BNV3: 16 | BNW3: 21 | BNX3: 13 | BNY3: 1 | BNZ3: 1 | BOA3: 0 | BOB3: 19 | BOC3: 23 | BOD3: 7 | BOE3: 132 | BOF3: 5 | BOG3: 26 | BOH3: 21 | BOI3: 86 | BOJ3: 21 | BOK3: 0 | BOL3: 4 | BOM3: 0 | BON3: 0 | BOO3: 9 | BOP3: 2 | BOQ3: 1 | BOR3: 0 | BOS3: 120 | BOT3: 75 | BOU3: 3 | BOV3: 3 | BOW3: 20 | BOX3: 1 | BOY3: 71 | BOZ3: 1 | BPA3: 108 | BPB3: 9 | BPC3: 1 | BPD3: 3 | BPE3: 9 | BPF3: 44 | BPG3: 53 | BPH3: 0 | BPI3: 2 | BPJ3: 4 | BPK3: 0 | BPL3: 0 | BPM3: 22 | BPN3: 4 | BPO3: 1 | BPP3: 138 | BPQ3: 17 | BPR3: 33 | BPS3: 4 | BPT3: 0 | BPU3: 0 | BPV3: 21 | BPW3: 115 | BPX3: 6 | BPY3: 0 | BPZ3: 22 | BQA3: 6 | BQB3: 1 | BQC3: 0 | BQD3: 48 | BQE3: 3 | BQF3: 26 | BQG3: 21 | BQH3: 38 | BQI3: 0 | BQJ3: 0 | BQK3: 7 | BQL3: 0 | BQM3: 16 | BQN3: 4 | BQO3: 4 | BQP3: 51 | BQQ3: 34 | BQR3: 2 | BQS3: 30 | BQT3: 8 | BQU3: 169 | BQV3: 69 | BQW3: 0 | BQX3: 35 | BQY3: 27 | BQZ3: 9 | BRA3: 0 | BRB3: 17 | BRC3: 0 | BRD3: 1 | BRE3: 84 | BRF3: 17 | BRG3: 0 | BRH3: 6 | BRI3: 27 | BRJ3: 92 | BRK3: 14 | BRL3: 4 | BRM3: 0 | BRN3: 17 | BRO3: 3 | BRP3: 6 | BRQ3: 5 | BRR3: 19 | BRS3: 2 | BRT3: 15 | BRU3: 14 | BRV3: 4 | BRW3: 48 | BRX3: 3 | BRY3: 66 | BRZ3: 7 | BSA3: 21 | BSB3: 0 | BSC3: 6 | BSD3: 0 | BSE3: 8 | BSF3: 27 | BSG3: 1 | BSH3: 53 | BSI3: 169 | BSJ3: 50 | BSK3: 0 | BSL3: 1 | BSM3: 4 | BSN3: 44 | BSO3: 77 | BSP3: 35 | BSQ3: 0 | BSR3: 50 | BSS3: 70 | BST3: 25 | BSU3: 23 | BSV3: 0 | BSW3: 2 | BSX3: 0 | BSY3: 142 | BSZ3: 2 | BTA3: 172 | BTB3: 1 | BTC3: 19 | BTD3: 10 | BTE3: 8 | BTF3: 71 | BTG3: 114 | BTH3: 9 | BTI3: 61 | BTJ3: 107 | BTK3: 0 | BTL3: 0 | BTM3: 49 | BTN3: 3 | BTO3: 8 | BTP3: 1 | BTQ3: 100 | BTR3: 30 | BTS3: 10 | BTT3: 134 | BTU3: 153 | BTV3: 6 | BTW3: 7 | BTX3: 86 | BTY3: 21 | BTZ3: 4 | BUA3: 31 | BUB3: 2 | BUC3: 14 | BUD3: 1 | BUE3: 5 | BUF3: 7 | BUG3: 1 | BUH3: 0 | BUI3: 61 | BUJ3: 47 | BUK3: 0 | BUL3: 1 | BUM3: 4 | BUN3: 183 | BUO3: 40 | BUP3: 138 | BUQ3: 50 | BUR3: 0 | BUS3: 0 | BUT3: 0 | BUU3: 0 | BUV3: 42 | BUW3: 0 | BUX3: 4 | BUY3: 193 | BUZ3: 27 | BVA3: 33 | BVB3: 137 | BVC3: 4 | BVD3: 0 | BVE3: 61 | BVF3: 48 | BVG3: 6 | BVH3: 4 | BVI3: 31 | BVJ3: 3 | BVK3: 3 | BVL3: 108 | BVM3: 4 | BVN3: 22 | BVO3: 15 | BVP3: 2 | BVQ3: 2 | BVR3: 14 | BVS3: 1 | BVT3: 0 | BVU3: 83 | BVV3: 6 | BVW3: 45 | BVX3: 193 | BVY3: 38 | BVZ3: 7 | BWA3: 8 | BWB3: 0 | BWC3: 34 | BWD3: 72 | BWE3: 105 | BWF3: 4 | BWG3: 10 | BWH3: 0 | BWI3: 41 | BWJ3: 71 | BWK3: 4 | BWL3: 53 | BWM3: 16 | BWN3: 0 | BWO3: 4 | BWP3: 1 | BWQ3: 149 | BWR3: 35 | BWS3: 43 | BWT3: 80 | BWU3: 26 | BWV3: 0 | BWW3: 0 | BWX3: 33 | BWY3: 23 | BWZ3: 16 | BXA3: 4 | BXB3: 151 | BXC3: 0 | BXD3: 1 | BXE3: 2 | BXF3: 34 | BXG3: 3 | BXH3: 143 | BXI3: 1 | BXJ3: 7 | BXK3: 0 | BXL3: 4 | BXM3: 2 | BXN3: 15 | BXO3: 19 | BXP3: 37 | BXQ3: 15 | BXR3: 24 | BXS3: 33 | BXT3: 2 | BXU3: 21 | BXV3: 23 | BXW3: 22 | BXX3: 3 | BXY3: 38 | BXZ3: 2 | BYA3: 2 | BYB3: 17 | BYC3: 3 | BYD3: 0 | BYE3: 0 | BYF3: 80 | BYG3: 0 | BYH3: 2 | BYI3: 14 | BYJ3: 51 | BYK3: 1 | BYL3: 43 | BYM3: 122 | BYN3: 112 | BYO3: 1 | BYP3: 3 | BYQ3: 1 | BYR3: 0 | BYS3: 0 | BYT3: 4 | BYU3: 10 | BYV3: 27 | BYW3: 57 | BYX3: 43 | BYY3: 3 | BYZ3: 1 | BZA3: 3 | BZB3: 8 | BZC3: 17 | BZD3: 44 | BZE3: 35 | BZF3: 1 | BZG3: 60 | BZH3: 29 | BZI3: 17 | BZJ3: 82 | BZK3: 90 | BZL3: 0 | BZM3: 154 | BZN3: 47 | BZO3: 89 | BZP3: 6 | BZQ3: 0 | BZR3: 37 | BZS3: 7 | BZT3: 0 | BZU3: 0 | BZV3: 161 | BZW3: 26 | BZX3: 2 | BZY3: 4 | BZZ3: 35 | CAA3: 0 | CAB3: 0 | CAC3: 6 | CAD3: 159 | CAE3: 88 | CAF3: 17 | CAG3: 42 | CAH3: 0 | CAI3: 0 | CAJ3: 54 | CAK3: 1 | CAL3: 80 | CAM3: 35 | CAN3: 15 | CAO3: 33 | CAP3: 1 | CAQ3: 3 | CAR3: 4 | CAS3: 178 | CAT3: 0 | CAU3: 83 | CAV3: 120 | CAW3: 60 | CAX3: 0 | CAY3: 3 | CAZ3: 1 | CBA3: 0 | CBB3: 26 | CBC3: 0 | CBD3: 6 | CBE3: 12 | CBF3: 126 | CBG3: 38 | CBH3: 25 | CBI3: 73 | CBJ3: 11 | CBK3: 1 | CBL3: 7 | CBM3: 1 | CBN3: 24 | CBO3: 102 | CBP3: 8 | CBQ3: 1 | CBR3: 132 | CBS3: 4 | CBT3: 55 | CBU3: 12 | CBV3: 0 | CBW3: 0 | CBX3: 3 | CBY3: 24 | CBZ3: 7 | CCA3: 12 | CCB3: 1 | CCC3: 35 | CCD3: 2 | CCE3: 59 | CCF3: 10 | CCG3: 17 | CCH3: 2 | CCI3: 4 | CCJ3: 3 | CCK3: 28 | CCL3: 7 | CCM3: 71 | CCN3: 42 | CCO3: 2 | CCP3: 5 | CCQ3: 0 | CCR3: 2 | CCS3: 72 | CCT3: 0 | CCU3: 15 | CCV3: 0 | CCW3: 0 | CCX3: 63 | CCY3: 0 | CCZ3: 0 | CDA3: 0 | CDB3: 1 | CDC3: 3 | CDD3: 67 | CDE3: 11 | CDF3: 0 | CDG3: 3 | CDH3: 12 | CDI3: 3 | CDJ3: 0 | CDK3: 2 | CDL3: 4 | CDM3: 24 | CDN3: 7 | CDO3: 72 | CDP3: 0 | CDQ3: 4 | CDR3: 11 | CDS3: 0 | CDT3: 1 | CDU3: 32 | CDV3: 9 | CDW3: 0 | CDX3: 1 | CDY3: 3 | CDZ3: 8 | CEA3: 2 | CEB3: 7 | CEC3: 15 | CED3: 30 | CEE3: 12 | CEF3: 19 | CEG3: 73 | CEH3: 3 | CEI3: 1 | CEJ3: 69 | CEK3: 28 | CEL3: 144 | CEM3: 4 | CEN3: 5 | CEO3: 10 | CEP3: 155 | CEQ3: 19 | CER3: 0 | CES3: 37 | CET3: 68 | CEU3: 3 | CEV3: 10 | CEW3: 6 | CEX3: 2 | CEY3: 0 | CEZ3: 36 | CFA3: 8 | CFB3: 0 | CFC3: 142 | CFD3: 50 | CFE3: 76 | CFF3: 67 | CFG3: 9 | CFH3: 47 | CFI3: 1 | CFJ3: 1 | CFK3: 54 | CFL3: 80 | CFM3: 0 | CFN3: 7 | CFO3: 8 | CFP3: 0 | CFQ3: 1 | CFR3: 11 | CFS3: 21 | CFT3: 3 | CFU3: 124 | CFV3: 0 | CFW3: 0 | CFX3: 129 | CFY3: 0 | CFZ3: 3 | CGA3: 0 | CGB3: 29 | CGC3: 71 | CGD3: 2 | CGE3: 51 | CGF3: 4 | CGG3: 2 | CGH3: 3 | CGI3: 194 | CGJ3: 1 | CGK3: 3 | CGL3: 31 | CGM3: 26 | CGN3: 8 | CGO3: 12 | CGP3: 6 | CGQ3: 24 | CGR3: 5 | CGS3: 7 | CGT3: 2 | CGU3: 2 | CGV3: 3 | CGW3: 10 | CGX3: 1 | CGY3: 14 | CGZ3: 3 | CHA3: 43 | CHB3: 0 | CHC3: 48 | CHD3: 30 | CHE3: 3
A4: MntMeatProducts | B4: 546 | C4: 6 | D4: 127 | E4: 20 | F4: 118 | G4: 98 | H4: 164 | I4: 56 | J4: 24 | K4: 6 | L4: 6 | M4: 11 | N4: 480 | O4: 53 | P4: 17 | Q4: 115 | R4: 19 | S4: 38 | T4: 498 | U4: 19 | V4: 73 | W4: 1725 | X4: 86 | Y4: 102 | Z4: 27 | AA4: 25 | AB4: 30 | AC4: 3 | AD4: 42 | AE4: 801 | AF4: 10 | AG4: 44 | AH4: 5 | AI4: 96 | AJ4: 471 | AK4: 19 | AL4: 151 | AM4: 14 | AN4: 6 | AO4: 206 | AP4: 536 | AQ4: 29 | AR4: 6 | AS4: 50 | AT4: 10 | AU4: 266 | AV4: 14 | AW4: 15 | AX4: 48 | AY4: 317 | AZ4: 125 | BA4: 780 | BB4: 20 | BC4: 550 | BD4: 124 | BE4: 432 | BF4: 482 | BG4: 8 | BH4: 22 | BI4: 28 | BJ4: 538 | BK4: 102 | BL4: 134 | BM4: 48 | BN4: 367 | BO4: 6 | BP4: 1 | BQ4: 309 | BR4: 159 | BS4: 487 | BT4: 460 | BU4: 43 | BV4: 291 | BW4: 65 | BX4: 13 | BY4: 6 | BZ4: 925 | CA4: 779 | CB4: 5 | CC4: 64 | CD4: 68 | CE4: 5 | CF4: 19 | CG4: 44 | CH4: 424 | CI4: 14 | CJ4: 16 | CK4: 37 | CL4: 568 | CM4: 39 | CN4: 192 | CO4: 8 | CP4: 359 | CQ4: 10 | CR4: 14 | CS4: 11 | CT4: 26 | CU4: 7 | CV4: 447 | CW4: 92 | CX4: 5 | CY4: 6 | CZ4: 183 | DA4: 276 | DB4: 690 | DC4: 6 | DD4: 32 | DE4: 271 | DF4: 31 | DG4: 106 | DH4: 292 | DI4: 311 | DJ4: 21 | DK4: 125 | DL4: 101 | DM4: 21 | DN4: 812 | DO4: 94 | DP4: 25 | DQ4: 7 | DR4: 133 | DS4: 29 | DT4: 7 | DU4: 14 | DV4: 102 | DW4: 124 | DX4: 951 | DY4: 16 | DZ4: 27 | EA4: 110 | EB4: 73 | EC4: 47 | ED4: 189 | EE4: 196 | EF4: 33 | EG4: 590 | EH4: 3 | EI4: 34 | EJ4: 8 | EK4: 12 | EL4: 921 | EM4: 232 | EN4: 756 | EO4: 132 | EP4: 41 | EQ4: 141 | ER4: 18 | ES4: 10 | ET4: 90 | EU4: 29 | EV4: 78 | EW4: 48 | EX4: 57 | EY4: 24 | EZ4: 57 | FA4: 269 | FB4: 69 | FC4: 7 | FD4: 57 | FE4: 387 | FF4: 3 | FG4: 249 | FH4: 49 | FI4: 240 | FJ4: 1582 | FK4: 32 | FL4: 98 | FM4: 33 | FN4: 305 | FO4: 19 | FP4: 10 | FQ4: 6 | FR4: 24 | FS4: 6 | FT4: 12 | FU4: 449 | FV4: 119 | FW4: 14 | FX4: 5 | FY4: 447 | FZ4: 22 | GA4: 10 | GB4: 195 | GC4: 6 | GD4: 7 | GE4: 18 | GF4: 2 | GG4: 107 | GH4: 537 | GI4: 18 | GJ4: 10 | GK4: 432 | GL4: 8 | GM4: 21 | GN4: 45 | GO4: 10 | GP4: 106 | GQ4: 813 | GR4: 482 | GS4: 79 | GT4: 34 | GU4: 553 | GV4: 337 | GW4: 138 | GX4: 13 | GY4: 1 | GZ4: 13 | HA4: 113 | HB4: 7 | HC4: 320 | HD4: 68 | HE4: 319 | HF4: 30 | HG4: 59 | HH4: 554 | HI4: 171 | HJ4: 4 | HK4: 417 | HL4: 33 | HM4: 162 | HN4: 25 | HO4: 540 | HP4: 154 | HQ4: 25 | HR4: 207 | HS4: 16 | HT4: 79 | HU4: 204 | HV4: 740 | HW4: 9 | HX4: 137 | HY4: 184 | HZ4: 8 | IA4: 5 | IB4: 464 | IC4: 20 | ID4: 4 | IE4: 124 | IF4: 10 | IG4: 5 | IH4: 757 | II4: 276 | IJ4: 7 | IK4: 503 | IL4: 133 | IM4: 5 | IN4: 272 | IO4: 179 | IP4: 768 | IQ4: 183 | IR4: 25 | IS4: 7 | IT4: 444 | IU4: 52 | IV4: 353 | IW4: 8 | IX4: 118 | IY4: 87 | IZ4: 2 | JA4: 4 | JB4: 8 | JC4: 215 | JD4: 62 | JE4: 6 | JF4: 71 | JG4: 22 | JH4: 398 | JI4: 35 | JJ4: 298 | JK4: 19 | JL4: 499 | JM4: 23 | JN4: 43 | JO4: 14 | JP4: 40 | JQ4: 99 | JR4: 224 | JS4: 396 | JT4: 512 | JU4: 100 | JV4: 9 | JW4: 79 | JX4: 38 | JY4: 149 | JZ4: 8 | KA4: 20 | KB4: 230 | KC4: 242 | KD4: 565 | KE4: 81 | KF4: 5 | KG4: 56 | KH4: 573 | KI4: 22 | KJ4: 3 | KK4: 80 | KL4: 7 | KM4: 16 | KN4: 263 | KO4: 80 | KP4: 12 | KQ4: 154 | KR4: 46 | KS4: 93 | KT4: 21 | KU4: 112 | KV4: 25 | KW4: 400 | KX4: 27 | KY4: 46 | KZ4: 14 | LA4: 8 | LB4: 461 | LC4: 561 | LD4: 28 | LE4: 7 | LF4: 21 | LG4: 128 | LH4: 7 | LI4: 172 | LJ4: 119 | LK4: 7 | LL4: 3 | LM4: 353 | LN4: 118 | LO4: 275 | LP4: 28 | LQ4: 11 | LR4: 5 | LS4: 59 | LT4: 6 | LU4: 15 | LV4: 218 | LW4: 13 | LX4: 9 | LY4: 247 | LZ4: 293 | MA4: 16 | MB4: 570 | MC4: 562 | MD4: 832 | ME4: 38 | MF4: 45 | MG4: 68 | MH4: 7 | MI4: 204 | MJ4: 9 | MK4: 379 | ML4: 12 | MM4: 3 | MN4: 255 | MO4: 455 | MP4: 514 | MQ4: 410 | MR4: 217 | MS4: 14 | MT4: 11 | MU4: 785 | MV4: 177 | MW4: 69 | MX4: 818 | MY4: 83 | MZ4: 10 | NA4: 6 | NB4: 160 | NC4: 92 | ND4: 815 | NE4: 20 | NF4: 549 | NG4: 142 | NH4: 7 | NI4: 45 | NJ4: 6 | NK4: 253 | NL4: 22 | NM4: 27 | NN4: 15 | NO4: 14 | NP4: 97 | NQ4: 13 | NR4: 5 | NS4: 5 | NT4: 96 | NU4: 90 | NV4: 1 | NW4: 7 | NX4: 53 | NY4: 142 | NZ4: 11 | OA4: 151 | OB4: 786 | OC4: 61 | OD4: 335 | OE4: 63 | OF4: 113 | OG4: 505 | OH4: 42 | OI4: 16 | OJ4: 6 | OK4: 9 | OL4: 25 | OM4: 125 | ON4: 61 | OO4: 74 | OP4: 26 | OQ4: 11 | OR4: 26 | OS4: 80 | OT4: 24 | OU4: 92 | OV4: 11 | OW4: 221 | OX4: 204 | OY4: 54 | OZ4: 309 | PA4: 591 | PB4: 9 | PC4: 282 | PD4: 108 | PE4: 100 | PF4: 19 | PG4: 11 | PH4: 2 | PI4: 103 | PJ4: 716 | PK4: 7 | PL4: 792 | PM4: 297 | PN4: 11 | PO4: 189 | PP4: 349 | PQ4: 235 | PR4: 181 | PS4: 400 | PT4: 22 | PU4: 7 | PV4: 271 | PW4: 35 | PX4: 15 | PY4: 5 | PZ4: 13 | QA4: 31 | QB4: 2 | QC4: 14 | QD4: 3 | QE4: 1 | QF4: 74 | QG4: 537 | QH4: 11 | QI4: 82 | QJ4: 322 | QK4: 161 | QL4: 30 | QM4: 106 | QN4: 364 | QO4: 103 | QP4: 974 | QQ4: 72 | QR4: 60 | QS4: 447 | QT4: 257 | QU4: 253 | QV4: 6 | QW4: 398 | QX4: 39 | QY4: 420 | QZ4: 413 | RA4: 5 | RB4: 127 | RC4: 166 | RD4: 384 | RE4: 8 | RF4: 125 | RG4: 13 | RH4: 6 | RI4: 193 | RJ4: 4 | RK4: 39 | RL4: 39 | RM4: 84 | RN4: 19 | RO4: 13 | RP4: 35 | RQ4: 44 | RR4: 100 | RS4: 114 | RT4: 232 | RU4: 109 | RV4: 5 | RW4: 108 | RX4: 594 | RY4: 88 | RZ4: 389 | SA4: 69 | SB4: 131 | SC4: 265 | SD4: 9 | SE4: 322 | SF4: 356 | SG4: 218 | SH4: 21 | SI4: 4 | SJ4: 21 | SK4: 140 | SL4: 7 | SM4: 239 | SN4: 387 | SO4: 324 | SP4: 66 | SQ4: 65 | SR4: 56 | SS4: 300 | ST4: 68 | SU4: 408 | SV4: 55 | SW4: 613 | SX4: 46 | SY4: 9 | SZ4: 389 | TA4: 670 | TB4: 12 | TC4: 351 | TD4: 64 | TE4: 216 | TF4: 64 | TG4: 15 | TH4: 319 | TI4: 153 | TJ4: 379 | TK4: 67 | TL4: 83 | TM4: 260 | TN4: 24 | TO4: 92 | TP4: 22 | TQ4: 112 | TR4: 11 | TS4: 292 | TT4: 32 | TU4: 19 | TV4: 8 | TW4: 83 | TX4: 42 | TY4: 403 | TZ4: 252 | UA4: 10 | UB4: 925 | UC4: 43 | UD4: 21 | UE4: 3 | UF4: 10 | UG4: 24 | UH4: 24 | UI4: 47 | UJ4: 520 | UK4: 97 | UL4: 137 | UM4: 761 | UN4: 13 | UO4: 287 | UP4: 12 | UQ4: 940 | UR4: 132 | US4: 259 | UT4: 81 | UU4: 29 | UV4: 161 | UW4: 2 | UX4: 3 | UY4: 4 | UZ4: 106 | VA4: 5 | VB4: 49 | VC4: 44 | VD4: 25 | VE4: 144 | VF4: 22 | VG4: 17 | VH4: 11 | VI4: 46 | VJ4: 10 | VK4: 27 | VL4: 16 | VM4: 23 | VN4: 7 | VO4: 13 | VP4: 530 | VQ4: 188 | VR4: 30 | VS4: 9 | VT4: 35 | VU4: 797 | VV4: 635 | VW4: 2 | VX4: 168 | VY4: 16 | VZ4: 18 | WA4: 9 | WB4: 15 | WC4: 31 | WD4: 2 | WE4: 135 | WF4: 519 | WG4: 114 | WH4: 26 | WI4: 46 | WJ4: 6 | WK4: 13 | WL4: 5 | WM4: 592 | WN4: 76 | WO4: 53 | WP4: 1 | WQ4: 8 | WR4: 248 | WS4: 87 | WT4: 5 | WU4: 16 | WV4: 10 | WW4: 83 | WX4: 27 | WY4: 12 | WZ4: 169 | XA4: 11 | XB4: 323 | XC4: 15 | XD4: 507 | XE4: 572 | XF4: 33 | XG4: 129 | XH4: 199 | XI4: 207 | XJ4: 259 | XK4: 15 | XL4: 732 | XM4: 1 | XN4: 713 | XO4: 69 | XP4: 279 | XQ4: 250 | XR4: 142 | XS4: 653 | XT4: 102 | XU4: 27 | XV4: 758 | XW4: 40 | XX4: 104 | XY4: 73 | XZ4: 152 | YA4: 62 | YB4: 711 | YC4: 17 | YD4: 217 | YE4: 25 | YF4: 100 | YG4: 1 | YH4: 28 | YI4: 52 | YJ4: 420 | YK4: 39 | YL4: 65 | YM4: 5 | YN4: 213 | YO4: 11 | YP4: 11 | YQ4: 7 | YR4: 3 | YS4: 11 | YT4: 6 | YU4: 37 | YV4: 428 | YW4: 122 | YX4: 194 | YY4: 107 | YZ4: 142 | ZA4: 5 | ZB4: 145 | ZC4: 149 | ZD4: 76 | ZE4: 117 | ZF4: 123 | ZG4: 384 | ZH4: 137 | ZI4: 82 | ZJ4: 435 | ZK4: 126 | ZL4: 838 | ZM4: 1622 | ZN4: 480 | ZO4: 559 | ZP4: 24 | ZQ4: 224 | ZR4: 80 | ZS4: 7 | ZT4: 20 | ZU4: 18 | ZV4: 11 | ZW4: 28 | ZX4: 178 | ZY4: 388 | ZZ4: 309 | AAA4: 177 | AAB4: 278 | AAC4: 352 | AAD4: 21 | AAE4: 455 | AAF4: 8 | AAG4: 42 | AAH4: 45 | AAI4: 13 | AAJ4: 4 | AAK4: 83 | AAL4: 21 | AAM4: 201 | AAN4: 66 | AAO4: 294 | AAP4: 501 | AAQ4: 18 | AAR4: 368 | AAS4: 5 | AAT4: 249 | AAU4: 134 | AAV4: 6 | AAW4: 597 | AAX4: 12 | AAY4: 7 | AAZ4: 706 | ABA4: 218 | ABB4: 77 | ABC4: 132 | ABD4: 3 | ABE4: 78 | ABF4: 124 | ABG4: 99 | ABH4: 211 | ABI4: 617 | ABJ4: 341 | ABK4: 63 | ABL4: 1 | ABM4: 497 | ABN4: 86 | ABO4: 25 | ABP4: 21 | ABQ4: 24 | ABR4: 360 | ABS4: 345 | ABT4: 12 | ABU4: 372 | ABV4: 7 | ABW4: 252 | ABX4: 742 | ABY4: 66 | ABZ4: 213 | ACA4: 689 | ACB4: 374 | ACC4: 314 | ACD4: 375 | ACE4: 101 | ACF4: 23 | ACG4: 7 | ACH4: 22 | ACI4: 223 | ACJ4: 391 | ACK4: 9 | ACL4: 305 | ACM4: 38 | ACN4: 898 | ACO4: 291 | ACP4: 23 | ACQ4: 74 | ACR4: 348 | ACS4: 243 | ACT4: 91 | ACU4: 22 | ACV4: 12 | ACW4: 3 | ACX4: 17 | ACY4: 392 | ACZ4: 11 | ADA4: 522 | ADB4: 546 | ADC4: 5 | ADD4: 6 | ADE4: 8 | ADF4: 15 | ADG4: 5 | ADH4: 19 | ADI4: 186 | ADJ4: 125 | ADK4: 71 | ADL4: 706 | ADM4: 446 | ADN4: 11 | ADO4: 64 | ADP4: 35 | ADQ4: 60 | ADR4: 136 | ADS4: 212 | ADT4: 597 | ADU4: 16 | ADV4: 159 | ADW4: 10 | ADX4: 29 | ADY4: 228 | ADZ4: 204 | AEA4: 26 | AEB4: 19 | AEC4: 136 | AED4: 178 | AEE4: 470 | AEF4: 8 | AEG4: 17 | AEH4: 256 | AEI4: 239 | AEJ4: 747 | AEK4: 83 | AEL4: 4 | AEM4: 226 | AEN4: 49 | AEO4: 9 | AEP4: 804 | AEQ4: 13 | AER4: 64 | AES4: 47 | AET4: 287 | AEU4: 476 | AEV4: 287 | AEW4: 8 | AEX4: 409 | AEY4: 5 | AEZ4: 28 | AFA4: 156 | AFB4: 90 | AFC4: 7 | AFD4: 9 | AFE4: 274 | AFF4: 97 | AFG4: 774 | AFH4: 6 | AFI4: 82 | AFJ4: 15 | AFK4: 52 | AFL4: 24 | AFM4: 28 | AFN4: 431 | AFO4: 929 | AFP4: 399 | AFQ4: 140 | AFR4: 54 | AFS4: 15 | AFT4: 25 | AFU4: 102 | AFV4: 845 | AFW4: 2 | AFX4: 21 | AFY4: 303 | AFZ4: 7 | AGA4: 116 | AGB4: 10 | AGC4: 350 | AGD4: 18 | AGE4: 89 | AGF4: 3 | AGG4: 69 | AGH4: 78 | AGI4: 119 | AGJ4: 68 | AGK4: 4 | AGL4: 90 | AGM4: 15 | AGN4: 396 | AGO4: 267 | AGP4: 16 | AGQ4: 57 | AGR4: 168 | AGS4: 500 | AGT4: 93 | AGU4: 59 | AGV4: 569 | AGW4: 38 | AGX4: 12 | AGY4: 14 | AGZ4: 5 | AHA4: 19 | AHB4: 838 | AHC4: 685 | AHD4: 55 | AHE4: 2 | AHF4: 156 | AHG4: 207 | AHH4: 20 | AHI4: 47 | AHJ4: 446 | AHK4: 1 | AHL4: 206 | AHM4: 53 | AHN4: 161 | AHO4: 354 | AHP4: 134 | AHQ4: 18 | AHR4: 493 | AHS4: 11 | AHT4: 405 | AHU4: 69 | AHV4: 89 | AHW4: 391 | AHX4: 873 | AHY4: 5 | AHZ4: 29 | AIA4: 49 | AIB4: 674 | AIC4: 523 | AID4: 71 | AIE4: 67 | AIF4: 890 | AIG4: 265 | AIH4: 154 | AII4: 403 | AIJ4: 56 | AIK4: 464 | AIL4: 2 | AIM4: 473 | AIN4: 25 | AIO4: 20 | AIP4: 431 | AIQ4: 217 | AIR4: 384 | AIS4: 704 | AIT4: 335 | AIU4: 466 | AIV4: 510 | AIW4: 27 | AIX4: 72 | AIY4: 3 | AIZ4: 305 | AJA4: 15 | AJB4: 311 | AJC4: 447 | AJD4: 238 | AJE4: 76 | AJF4: 249 | AJG4: 54 | AJH4: 606 | AJI4: 790 | AJJ4: 14 | AJK4: 48 | AJL4: 144 | AJM4: 51 | AJN4: 18 | AJO4: 142 | AJP4: 13 | AJQ4: 17 | AJR4: 58 | AJS4: 43 | AJT4: 8 | AJU4: 23 | AJV4: 44 | AJW4: 233 | AJX4: 15 | AJY4: 30 | AJZ4: 171 | AKA4: 37 | AKB4: 9 | AKC4: 46 | AKD4: 84 | AKE4: 227 | AKF4: 925 | AKG4: 27 | AKH4: 2 | AKI4: 234 | AKJ4: 400 | AKK4: 11 | AKL4: 30 | AKM4: 75 | AKN4: 430 | AKO4: 407 | AKP4: 445 | AKQ4: 77 | AKR4: 12 | AKS4: 133 | AKT4: 3 | AKU4: 1 | AKV4: 18 | AKW4: 337 | AKX4: 108 | AKY4: 84 | AKZ4: 651 | ALA4: 708 | ALB4: 640 | ALC4: 12 | ALD4: 311 | ALE4: 7 | ALF4: 136 | ALG4: 282 | ALH4: 16 | ALI4: 11 | ALJ4: 545 | ALK4: 19 | ALL4: 292 | ALM4: 32 | ALN4: 288 | ALO4: 449 | ALP4: 144 | ALQ4: 11 | ALR4: 31 | ALS4: 127 | ALT4: 288 | ALU4: 345 | ALV4: 21 | ALW4: 3 | ALX4: 396 | ALY4: 31 | ALZ4: 66 | AMA4: 21 | AMB4: 11 | AMC4: 165 | AMD4: 254 | AME4: 73 | AMF4: 6 | AMG4: 24 | AMH4: 26 | AMI4: 24 | AMJ4: 168 | AMK4: 3 | AML4: 16 | AMM4: 172 | AMN4: 29 | AMO4: 11 | AMP4: 2 | AMQ4: 161 | AMR4: 733 | AMS4: 961 | AMT4: 356 | AMU4: 13 | AMV4: 568 | AMW4: 130 | AMX4: 16 | AMY4: 16 | AMZ4: 9 | ANA4: 134 | ANB4: 29 | ANC4: 14 | AND4: 66 | ANE4: 415 | ANF4: 16 | ANG4: 37 | ANH4: 33 | ANI4: 333 | ANJ4: 141 | ANK4: 91 | ANL4: 254 | ANM4: 3 | ANN4: 780 | ANO4: 12 | ANP4: 13 | ANQ4: 534 | ANR4: 53 | ANS4: 12 | ANT4: 491 | ANU4: 282 | ANV4: 45 | ANW4: 181 | ANX4: 267 | ANY4: 8 | ANZ4: 69 | AOA4: 4 | AOB4: 678 | AOC4: 249 | AOD4: 7 | AOE4: 382 | AOF4: 15 | AOG4: 279 | AOH4: 176 | AOI4: 5 | AOJ4: 30 | AOK4: 555 | AOL4: 107 | AOM4: 7 | AON4: 77 | AOO4: 6 | AOP4: 334 | AOQ4: 125 | AOR4: 548 | AOS4: 8 | AOT4: 842 | AOU4: 158 | AOV4: 7 | AOW4: 103 | AOX4: 9 | AOY4: 411 | AOZ4: 843 | APA4: 18 | APB4: 389 | APC4: 22 | APD4: 9 | APE4: 100 | APF4: 216 | APG4: 369 | APH4: 5 | API4: 160 | APJ4: 430 | APK4: 109 | APL4: 206 | APM4: 30 | APN4: 16 | APO4: 400 | APP4: 8 | APQ4: 13 | APR4: 70 | APS4: 57 | APT4: 449 | APU4: 115 | APV4: 4 | APW4: 711 | APX4: 18 | APY4: 140 | APZ4: 18 | AQA4: 54 | AQB4: 11 | AQC4: 59 | AQD4: 215 | AQE4: 42 | AQF4: 93 | AQG4: 23 | AQH4: 137 | AQI4: 147 | AQJ4: 494 | AQK4: 17 | AQL4: 4 | AQM4: 818 | AQN4: 53 | AQO4: 2 | AQP4: 20 | AQQ4: 864 | AQR4: 750 | AQS4: 107 | AQT4: 34 | AQU4: 395 | AQV4: 10 | AQW4: 56 | AQX4: 133 | AQY4: 26 | AQZ4: 8 | ARA4: 12 | ARB4: 249 | ARC4: 25 | ARD4: 59 | ARE4: 171 | ARF4: 39 | ARG4: 8 | ARH4: 183 | ARI4: 196 | ARJ4: 3 | ARK4: 731 | ARL4: 37 | ARM4: 11 | ARN4: 112 | ARO4: 239 | ARP4: 483 | ARQ4: 329 | ARR4: 28 | ARS4: 171 | ART4: 29 | ARU4: 604 | ARV4: 6 | ARW4: 83 | ARX4: 18 | ARY4: 37 | ARZ4: 162 | ASA4: 425 | ASB4: 2 | ASC4: 3 | ASD4: 547 | ASE4: 35 | ASF4: 15 | ASG4: 19 | ASH4: 8 | ASI4: 64 | ASJ4: 19 | ASK4: 915 | ASL4: 83 | ASM4: 76 | ASN4: 60 | ASO4: 3 | ASP4: 11 | ASQ4: 8 | ASR4: 20 | ASS4: 101 | AST4: 28 | ASU4: 7 | ASV4: 549 | ASW4: 70 | ASX4: 11 | ASY4: 34 | ASZ4: 51 | ATA4: 100 | ATB4: 23 | ATC4: 137 | ATD4: 259 | ATE4: 113 | ATF4: 57 | ATG4: 169 | ATH4: 29 | ATI4: 8 | ATJ4: 689 | ATK4: 85 | ATL4: 801 | ATM4: 9 | ATN4: 4 | ATO4: 25 | ATP4: 24 | ATQ4: 93 | ATR4: 242 | ATS4: 913 | ATT4: 39 | ATU4: 45 | ATV4: 88 | ATW4: 16 | ATX4: 505 | ATY4: 22 | ATZ4: 3 | AUA4: 4 | AUB4: 109 | AUC4: 7 | AUD4: 16 | AUE4: 180 | AUF4: 106 | AUG4: 12 | AUH4: 17 | AUI4: 14 | AUJ4: 59 | AUK4: 11 | AUL4: 8 | AUM4: 19 | AUN4: 9 | AUO4: 280 | AUP4: 19 | AUQ4: 414 | AUR4: 13 | AUS4: 35 | AUT4: 2 | AUU4: 12 | AUV4: 147 | AUW4: 270 | AUX4: 121 | AUY4: 3 | AUZ4: 18 | AVA4: 5 | AVB4: 4 | AVC4: 133 | AVD4: 514 | AVE4: 259 | AVF4: 265 | AVG4: 421 | AVH4: 123 | AVI4: 87 | AVJ4: 47 | AVK4: 86 | AVL4: 2 | AVM4: 946 | AVN4: 8 | AVO4: 672 | AVP4: 415 | AVQ4: 11 | AVR4: 12 | AVS4: 430 | AVT4: 152 | AVU4: 9 | AVV4: 33 | AVW4: 611 | AVX4: 104 | AVY4: 186 | AVZ4: 52 | AWA4: 64 | AWB4: 29 | AWC4: 96 | AWD4: 11 | AWE4: 27 | AWF4: 106 | AWG4: 71 | AWH4: 687 | AWI4: 239 | AWJ4: 20 | AWK4: 204 | AWL4: 78 | AWM4: 18 | AWN4: 24 | AWO4: 10 | AWP4: 842 | AWQ4: 151 | AWR4: 5 | AWS4: 7 | AWT4: 24 | AWU4: 5 | AWV4: 9 | AWW4: 57 | AWX4: 14 | AWY4: 114 | AWZ4: 622 | AXA4: 4 | AXB4: 9 | AXC4: 790 | AXD4: 8 | AXE4: 65 | AXF4: 376 | AXG4: 155 | AXH4: 51 | AXI4: 249 | AXJ4: 69 | AXK4: 154 | AXL4: 189 | AXM4: 717 | AXN4: 74 | AXO4: 209 | AXP4: 111 | AXQ4: 17 | AXR4: 73 | AXS4: 20 | AXT4: 21 | AXU4: 9 | AXV4: 537 | AXW4: 97 | AXX4: 231 | AXY4: 107 | AXZ4: 13 | AYA4: 235 | AYB4: 25 | AYC4: 44 | AYD4: 26 | AYE4: 528 | AYF4: 17 | AYG4: 100 | AYH4: 217 | AYI4: 118 | AYJ4: 480 | AYK4: 54 | AYL4: 413 | AYM4: 40 | AYN4: 7 | AYO4: 78 | AYP4: 21 | AYQ4: 61 | AYR4: 45 | AYS4: 8 | AYT4: 2 | AYU4: 21 | AYV4: 4 | AYW4: 92 | AYX4: 84 | AYY4: 395 | AYZ4: 573 | AZA4: 452 | AZB4: 7 | AZC4: 75 | AZD4: 459 | AZE4: 215 | AZF4: 27 | AZG4: 259 | AZH4: 984 | AZI4: 31 | AZJ4: 68 | AZK4: 14 | AZL4: 196 | AZM4: 238 | AZN4: 69 | AZO4: 205 | AZP4: 108 | AZQ4: 10 | AZR4: 21 | AZS4: 59 | AZT4: 52 | AZU4: 24 | AZV4: 5 | AZW4: 24 | AZX4: 167 | AZY4: 38 | AZZ4: 35 | BAA4: 14 | BAB4: 18 | BAC4: 65 | BAD4: 64 | BAE4: 34 | BAF4: 12 | BAG4: 9 | BAH4: 17 | BAI4: 694 | BAJ4: 13 | BAK4: 7 | BAL4: 17 | BAM4: 374 | BAN4: 76 | BAO4: 29 | BAP4: 13 | BAQ4: 12 | BAR4: 6 | BAS4: 115 | BAT4: 3 | BAU4: 16 | BAV4: 100 | BAW4: 79 | BAX4: 43 | BAY4: 49 | BAZ4: 41 | BBA4: 39 | BBB4: 133 | BBC4: 21 | BBD4: 112 | BBE4: 222 | BBF4: 104 | BBG4: 16 | BBH4: 238 | BBI4: 272 | BBJ4: 7 | BBK4: 520 | BBL4: 50 | BBM4: 139 | BBN4: 11 | BBO4: 39 | BBP4: 10 | BBQ4: 16 | BBR4: 1 | BBS4: 74 | BBT4: 253 | BBU4: 8 | BBV4: 7 | BBW4: 26 | BBX4: 2 | BBY4: 7 | BBZ4: 17 | BCA4: 64 | BCB4: 13 | BCC4: 10 | BCD4: 118 | BCE4: 15 | BCF4: 67 | BCG4: 11 | BCH4: 43 | BCI4: 5 | BCJ4: 11 | BCK4: 59 | BCL4: 19 | BCM4: 4 | BCN4: 23 | BCO4: 595 | BCP4: 672 | BCQ4: 102 | BCR4: 553 | BCS4: 99 | BCT4: 348 | BCU4: 159 | BCV4: 92 | BCW4: 573 | BCX4: 601 | BCY4: 17 | BCZ4: 180 | BDA4: 356 | BDB4: 52 | BDC4: 16 | BDD4: 731 | BDE4: 123 | BDF4: 21 | BDG4: 177 | BDH4: 2 | BDI4: 6 | BDJ4: 10 | BDK4: 95 | BDL4: 75 | BDM4: 345 | BDN4: 3 | BDO4: 352 | BDP4: 9 | BDQ4: 58 | BDR4: 5 | BDS4: 553 | BDT4: 422 | BDU4: 26 | BDV4: 717 | BDW4: 13 | BDX4: 54 | BDY4: 60 | BDZ4: 303 | BEA4: 135 | BEB4: 12 | BEC4: 9 | BED4: 259 | BEE4: 142 | BEF4: 687 | BEG4: 30 | BEH4: 161 | BEI4: 171 | BEJ4: 309 | BEK4: 40 | BEL4: 815 | BEM4: 178 | BEN4: 30 | BEO4: 295 | BEP4: 12 | BEQ4: 101 | BER4: 253 | BES4: 385 | BET4: 57 | BEU4: 10 | BEV4: 108 | BEW4: 91 | BEX4: 120 | BEY4: 125 | BEZ4: 109 | BFA4: 189 | BFB4: 170 | BFC4: 165 | BFD4: 400 | BFE4: 27 | BFF4: 428 | BFG4: 706 | BFH4: 10 | BFI4: 87 | BFJ4: 85 | BFK4: 12 | BFL4: 40 | BFM4: 26 | BFN4: 724 | BFO4: 827 | BFP4: 21 | BFQ4: 19 | BFR4: 1 | BFS4: 184 | BFT4: 377 | BFU4: 17 | BFV4: 560 | BFW4: 3 | BFX4: 219 | BFY4: 33 | BFZ4: 134 | BGA4: 27 | BGB4: 7 | BGC4: 101 | BGD4: 7 | BGE4: 441 | BGF4: 76 | BGG4: 469 | BGH4: 24 | BGI4: 270 | BGJ4: 701 | BGK4: 3 | BGL4: 115 | BGM4: 16 | BGN4: 12 | BGO4: 50 | BGP4: 179 | BGQ4: 2 | BGR4: 27 | BGS4: 255 | BGT4: 368 | BGU4: 415 | BGV4: 217 | BGW4: 6 | BGX4: 44 | BGY4: 3 | BGZ4: 22 | BHA4: 168 | BHB4: 59 | BHC4: 26 | BHD4: 4 | BHE4: 278 | BHF4: 40 | BHG4: 88 | BHH4: 254 | BHI4: 171 | BHJ4: 108 | BHK4: 180 | BHL4: 115 | BHM4: 14 | BHN4: 915 | BHO4: 23 | BHP4: 108 | BHQ4: 23 | BHR4: 67 | BHS4: 465 | BHT4: 66 | BHU4: 134 | BHV4: 5 | BHW4: 639 | BHX4: 573 | BHY4: 10 | BHZ4: 424 | BIA4: 8 | BIB4: 52 | BIC4: 68 | BID4: 45 | BIE4: 625 | BIF4: 28 | BIG4: 315 | BIH4: 5 | BII4: 74 | BIJ4: 3 | BIK4: 50 | BIL4: 19 | BIM4: 129 | BIN4: 309 | BIO4: 6 | BIP4: 88 | BIQ4: 649 | BIR4: 215 | BIS4: 6 | BIT4: 21 | BIU4: 4 | BIV4: 422 | BIW4: 230 | BIX4: 15 | BIY4: 69 | BIZ4: 832 | BJA4: 15 | BJB4: 575 | BJC4: 128 | BJD4: 10 | BJE4: 215 | BJF4: 5 | BJG4: 99 | BJH4: 75 | BJI4: 76 | BJJ4: 17 | BJK4: 20 | BJL4: 447 | BJM4: 104 | BJN4: 16 | BJO4: 6 | BJP4: 153 | BJQ4: 142 | BJR4: 23 | BJS4: 35 | BJT4: 420 | BJU4: 51 | BJV4: 10 | BJW4: 8 | BJX4: 69 | BJY4: 70 | BJZ4: 71 | BKA4: 373 | BKB4: 10 | BKC4: 5 | BKD4: 14 | BKE4: 61 | BKF4: 214 | BKG4: 6 | BKH4: 134 | BKI4: 6 | BKJ4: 68 | BKK4: 179 | BKL4: 599 | BKM4: 32 | BKN4: 8 | BKO4: 265 | BKP4: 28 | BKQ4: 1725 | BKR4: 5 | BKS4: 23 | BKT4: 76 | BKU4: 92 | BKV4: 160 | BKW4: 536 | BKX4: 143 | BKY4: 82 | BKZ4: 230 | BLA4: 12 | BLB4: 15 | BLC4: 20 | BLD4: 91 | BLE4: 3 | BLF4: 199 | BLG4: 265 | BLH4: 46 | BLI4: 768 | BLJ4: 673 | BLK4: 323 | BLL4: 363 | BLM4: 22 | BLN4: 110 | BLO4: 4 | BLP4: 73 | BLQ4: 31 | BLR4: 499 | BLS4: 28 | BLT4: 10 | BLU4: 3 | BLV4: 41 | BLW4: 8 | BLX4: 850 | BLY4: 61 | BLZ4: 206 | BMA4: 324 | BMB4: 82 | BMC4: 414 | BMD4: 5 | BME4: 2 | BMF4: 19 | BMG4: 217 | BMH4: 4 | BMI4: 127 | BMJ4: 2 | BMK4: 520 | BML4: 342 | BMM4: 14 | BMN4: 19 | BMO4: 65 | BMP4: 16 | BMQ4: 69 | BMR4: 194 | BMS4: 107 | BMT4: 124 | BMU4: 31 | BMV4: 835 | BMW4: 396 | BMX4: 11 | BMY4: 936 | BMZ4: 11 | BNA4: 141 | BNB4: 367 | BNC4: 9 | BND4: 71 | BNE4: 184 | BNF4: 1 | BNG4: 935 | BNH4: 853 | BNI4: 558 | BNJ4: 115 | BNK4: 31 | BNL4: 56 | BNM4: 13 | BNN4: 270 | BNO4: 217 | BNP4: 14 | BNQ4: 7 | BNR4: 10 | BNS4: 509 | BNT4: 97 | BNU4: 250 | BNV4: 223 | BNW4: 442 | BNX4: 131 | BNY4: 11 | BNZ4: 12 | BOA4: 86 | BOB4: 29 | BOC4: 751 | BOD4: 62 | BOE4: 693 | BOF4: 3 | BOG4: 195 | BOH4: 206 | BOI4: 454 | BOJ4: 118 | BOK4: 106 | BOL4: 7 | BOM4: 47 | BON4: 12 | BOO4: 4 | BOP4: 23 | BOQ4: 60 | BOR4: 6 | BOS4: 204 | BOT4: 96 | BOU4: 8 | BOV4: 85 | BOW4: 171 | BOX4: 7 | BOY4: 250 | BOZ4: 2 | BPA4: 413 | BPB4: 7 | BPC4: 26 | BPD4: 30 | BPE4: 63 | BPF4: 534 | BPG4: 462 | BPH4: 3 | BPI4: 56 | BPJ4: 68 | BPK4: 46 | BPL4: 18 | BPM4: 112 | BPN4: 7 | BPO4: 21 | BPP4: 168 | BPQ4: 170 | BPR4: 60 | BPS4: 56 | BPT4: 38 | BPU4: 30 | BPV4: 128 | BPW4: 292 | BPX4: 15 | BPY4: 9 | BPZ4: 350 | BQA4: 21 | BQB4: 41 | BQC4: 10 | BQD4: 90 | BQE4: 30 | BQF4: 70 | BQG4: 134 | BQH4: 279 | BQI4: 629 | BQJ4: 10 | BQK4: 137 | BQL4: 5 | BQM4: 165 | BQN4: 33 | BQO4: 2 | BQP4: 981 | BQQ4: 586 | BQR4: 10 | BQS4: 163 | BQT4: 232 | BQU4: 565 | BQV4: 300 | BQW4: 9 | BQX4: 106 | BQY4: 419 | BQZ4: 87 | BRA4: 3 | BRB4: 398 | BRC4: 9 | BRD4: 31 | BRE4: 141 | BRF4: 241 | BRG4: 11 | BRH4: 54 | BRI4: 697 | BRJ4: 736 | BRK4: 36 | BRL4: 24 | BRM4: 22 | BRN4: 142 | BRO4: 66 | BRP4: 57 | BRQ4: 24 | BRR4: 456 | BRS4: 43 | BRT4: 47 | BRU4: 397 | BRV4: 56 | BRW4: 602 | BRX4: 19 | BRY4: 408 | BRZ4: 119 | BSA4: 273 | BSB4: 1 | BSC4: 28 | BSD4: 53 | BSE4: 8 | BSF4: 590 | BSG4: 4 | BSH4: 899 | BSI4: 816 | BSJ4: 420 | BSK4: 72 | BSL4: 13 | BSM4: 18 | BSN4: 603 | BSO4: 203 | BSP4: 124 | BSQ4: 0 | BSR4: 100 | BSS4: 239 | BST4: 459 | BSU4: 71 | BSV4: 13 | BSW4: 10 | BSX4: 52 | BSY4: 754 | BSZ4: 15 | BTA4: 153 | BTB4: 8 | BTC4: 132 | BTD4: 3 | BTE4: 6 | BTF4: 243 | BTG4: 445 | BTH4: 240 | BTI4: 338 | BTJ4: 304 | BTK4: 6 | BTL4: 16 | BTM4: 157 | BTN4: 12 | BTO4: 133 | BTP4: 9 | BTQ4: 835 | BTR4: 177 | BTS4: 110 | BTT4: 768 | BTU4: 612 | BTV4: 16 | BTW4: 56 | BTX4: 208 | BTY4: 43 | BTZ4: 10 | BUA4: 430 | BUB4: 3 | BUC4: 68 | BUD4: 18 | BUE4: 14 | BUF4: 80 | BUG4: 24 | BUH4: 18 | BUI4: 265 | BUJ4: 237 | BUK4: 16 | BUL4: 9 | BUM4: 13 | BUN4: 352 | BUO4: 175 | BUP4: 430 | BUQ4: 500 | BUR4: 71 | BUS4: 120 | BUT4: 8 | BUU4: 15 | BUV4: 24 | BUW4: 4 | BUX4: 5 | BUY4: 100 | BUZ4: 119 | BVA4: 281 | BVB4: 401 | BVC4: 9 | BVD4: 45 | BVE4: 753 | BVF4: 350 | BVG4: 157 | BVH4: 36 | BVI4: 127 | BVJ4: 19 | BVK4: 18 | BVL4: 185 | BVM4: 15 | BVN4: 202 | BVO4: 30 | BVP4: 4 | BVQ4: 4 | BVR4: 322 | BVS4: 14 | BVT4: 6 | BVU4: 216 | BVV4: 38 | BVW4: 654 | BVX4: 459 | BVY4: 350 | BVZ4: 34 | BWA4: 26 | BWB4: 7 | BWC4: 103 | BWD4: 567 | BWE4: 653 | BWF4: 89 | BWG4: 345 | BWH4: 7 | BWI4: 86 | BWJ4: 951 | BWK4: 32 | BWL4: 98 | BWM4: 128 | BWN4: 14 | BWO4: 44 | BWP4: 15 | BWQ4: 815 | BWR4: 172 | BWS4: 239 | BWT4: 553 | BWU4: 376 | BWV4: 199 | BWW4: 9 | BWX4: 60 | BWY4: 73 | BWZ4: 37 | BXA4: 12 | BXB4: 137 | BXC4: 18 | BXD4: 17 | BXE4: 12 | BXF4: 62 | BXG4: 30 | BXH4: 797 | BXI4: 44 | BXJ4: 81 | BXK4: 6 | BXL4: 33 | BXM4: 101 | BXN4: 54 | BXO4: 130 | BXP4: 592 | BXQ4: 27 | BXR4: 746 | BXS4: 417 | BXT4: 9 | BXU4: 125 | BXV4: 117 | BXW4: 133 | BXX4: 141 | BXY4: 67 | BXZ4: 8 | BYA4: 5 | BYB4: 19 | BYC4: 3 | BYD4: 16 | BYE4: 13 | BYF4: 428 | BYG4: 31 | BYH4: 49 | BYI4: 113 | BYJ4: 932 | BYK4: 33 | BYL4: 735 | BYM4: 122 | BYN4: 417 | BYO4: 2 | BYP4: 14 | BYQ4: 16 | BYR4: 2 | BYS4: 5 | BYT4: 17 | BYU4: 29 | BYV4: 68 | BYW4: 242 | BYX4: 226 | BYY4: 17 | BYZ4: 3 | BZA4: 6 | BZB4: 223 | BZC4: 17 | BZD4: 215 | BZE4: 322 | BZF4: 23 | BZG4: 364 | BZH4: 92 | BZI4: 76 | BZJ4: 257 | BZK4: 216 | BZL4: 36 | BZM4: 323 | BZN4: 197 | BZO4: 650 | BZP4: 15 | BZQ4: 7 | BZR4: 64 | BZS4: 99 | BZT4: 21 | BZU4: 264 | BZV4: 426 | BZW4: 535 | BZX4: 12 | BZY4: 51 | BZZ4: 214 | CAA4: 16 | CAB4: 11 | CAC4: 27 | CAD4: 447 | CAE4: 168 | CAF4: 143 | CAG4: 48 | CAH4: 56 | CAI4: 15 | CAJ4: 348 | CAK4: 11 | CAL4: 217 | CAM4: 133 | CAN4: 15 | CAO4: 332 | CAP4: 20 | CAQ4: 15 | CAR4: 94 | CAS4: 178 | CAT4: 11 | CAU4: 267 | CAV4: 414 | CAW4: 241 | CAX4: 4 | CAY4: 24 | CAZ4: 16 | CBA4: 22 | CBB4: 46 | CBC4: 21 | CBD4: 23 | CBE4: 385 | CBF4: 490 | CBG4: 161 | CBH4: 607 | CBI4: 380 | CBJ4: 15 | CBK4: 5 | CBL4: 140 | CBM4: 4 | CBN4: 124 | CBO4: 125 | CBP4: 223 | CBQ4: 10 | CBR4: 445 | CBS4: 26 | CBT4: 278 | CBU4: 128 | CBV4: 8 | CBW4: 356 | CBX4: 8 | CBY4: 230 | CBZ4: 11 | CCA4: 5 | CCB4: 44 | CCC4: 179 | CCD4: 39 | CCE4: 968 | CCF4: 253 | CCG4: 133 | CCH4: 9 | CCI4: 17 | CCJ4: 180 | CCK4: 152 | CCL4: 5 | CCM4: 174 | CCN4: 450 | CCO4: 8 | CCP4: 56 | CCQ4: 4 | CCR4: 11 | CCS4: 98 | CCT4: 10 | CCU4: 414 | CCV4: 107 | CCW4: 359 | CCX4: 292 | CCY4: 2 | CCZ4: 14 | CDA4: 883 | CDB4: 2 | CDC4: 2 | CDD4: 500 | CDE4: 61 | CDF4: 50 | CDG4: 6 | CDH4: 48 | CDI4: 37 | CDJ4: 9 | CDK4: 11 | CDL4: 12 | CDM4: 11 | CDN4: 92 | CDO4: 170 | CDP4: 8 | CDQ4: 22 | CDR4: 114 | CDS4: 13 | CDT4: 16 | CDU4: 849 | CDV4: 11 | CDW4: 50 | CDX4: 5 | CDY4: 23 | CDZ4: 44 | CEA4: 7 | CEB4: 115 | CEC4: 89 | CED4: 399 | CEE4: 48 | CEF4: 111 | CEG4: 614 | CEH4: 3 | CEI4: 20 | CEJ4: 300 | CEK4: 818 | CEL4: 133 | CEM4: 10 | CEN4: 32 | CEO4: 129 | CEP4: 155 | CEQ4: 286 | CER4: 70 | CES4: 518 | CET4: 689 | CEU4: 50 | CEV4: 44 | CEW4: 82 | CEX4: 18 | CEY4: 21 | CEZ4: 11 | CFA4: 10 | CFB4: 9 | CFC4: 217 | CFD4: 167 | CFE4: 749 | CFF4: 500 | CFG4: 12 | CFH4: 655 | CFI4: 7 | CFJ4: 2 | CFK4: 845 | CFL4: 363 | CFM4: 13 | CFN4: 48 | CFO4: 124 | CFP4: 38 | CFQ4: 16 | CFR4: 16 | CFS4: 300 | CFT4: 50 | CFU4: 156 | CFV4: 8 | CFW4: 23 | CFX4: 495 | CFY4: 10 | CFZ4: 3 | CGA4: 5 | CGB4: 131 | CGC4: 860 | CGD4: 17 | CGE4: 631 | CGF4: 7 | CGG4: 5 | CGH4: 19 | CGI4: 377 | CGJ4: 8 | CGK4: 129 | CGL4: 88 | CGM4: 538 | CGN4: 11 | CGO4: 12 | CGP4: 58 | CGQ4: 68 | CGR4: 106 | CGS4: 137 | CGT4: 1607 | CGU4: 8 | CGV4: 26 | CGW4: 143 | CGX4: 6 | CGY4: 18 | CGZ4: 7 | CHA4: 182 | CHB4: 30 | CHC4: 217 | CHD4: 214 | CHE4: 61
A5: MntFishProducts | B5: 172 | C5: 2 | D5: 111 | E5: 10 | F5: 46 | G5: 0 | H5: 50 | I5: 3 | J5: 3 | K5: 1 | L5: 0 | M5: 11 | N5: 225 | O5: 3 | P5: 6 | Q5: 59 | R5: 2 | S5: 150 | T5: 0 | U5: 30 | V5: 69 | W5: 1 | X5: 0 | Y5: 21 | Z5: 39 | AA5: 15 | AB5: 3 | AC5: 3 | AD5: 20 | AE5: 21 | AF5: 2 | AG5: 34 | AH5: 2 | AI5: 33 | AJ5: 119 | AK5: 2 | AL5: 0 | AM5: 15 | AN5: 2 | AO5: 160 | AP5: 82 | AQ5: 3 | AR5: 3 | AS5: 3 | AT5: 3 | AU5: 227 | AV5: 15 | AW5: 3 | AX5: 6 | AY5: 50 | AZ5: 37 | BA5: 27 | BB5: 30 | BC5: 156 | BD5: 12 | BE5: 180 | BF5: 121 | BG5: 2 | BH5: 2 | BI5: 0 | BJ5: 69 | BK5: 16 | BL5: 37 | BM5: 0 | BN5: 119 | BO5: 3 | BP5: 0 | BQ5: 201 | BR5: 7 | BS5: 58 | BT5: 189 | BU5: 17 | BV5: 84 | BW5: 0 | BX5: 4 | BY5: 2 | BZ5: 97 | CA5: 137 | CB5: 0 | CC5: 0 | CD5: 7 | CE5: 2 | CF5: 7 | CG5: 34 | CH5: 27 | CI5: 10 | CJ5: 0 | CK5: 0 | CL5: 110 | CM5: 4 | CN5: 49 | CO5: 2 | CP5: 98 | CQ5: 0 | CR5: 0 | CS5: 12 | CT5: 0 | CU5: 0 | CV5: 75 | CW5: 65 | CX5: 2 | CY5: 2 | CZ5: 185 | DA5: 80 | DB5: 50 | DC5: 10 | DD5: 2 | DE5: 75 | DF5: 4 | DG5: 31 | DH5: 23 | DI5: 23 | DJ5: 0 | DK5: 29 | DL5: 0 | DM5: 0 | DN5: 151 | DO5: 123 | DP5: 0 | DQ5: 11 | DR5: 39 | DS5: 0 | DT5: 3 | DU5: 7 | DV5: 44 | DW5: 40 | DX5: 173 | DY5: 0 | DZ5: 10 | EA5: 16 | EB5: 65 | EC5: 0 | ED5: 23 | EE5: 38 | EF5: 3 | EG5: 38 | EH5: 10 | EI5: 2 | EJ5: 4 | EK5: 3 | EL5: 52 | EM5: 13 | EN5: 36 | EO5: 43 | EP5: 73 | EQ5: 32 | ER5: 20 | ES5: 0 | ET5: 12 | EU5: 12 | EV5: 39 | EW5: 23 | EX5: 8 | EY5: 19 | EZ5: 0 | FA5: 34 | FB5: 4 | FC5: 2 | FD5: 10 | FE5: 149 | FF5: 0 | FG5: 43 | FH5: 7 | FI5: 16 | FJ5: 1 | FK5: 6 | FL5: 134 | FM5: 7 | FN5: 173 | FO5: 8 | FP5: 8 | FQ5: 11 | FR5: 2 | FS5: 0 | FT5: 0 | FU5: 69 | FV5: 86 | FW5: 0 | FX5: 2 | FY5: 75 | FZ5: 2 | GA5: 3 | GB5: 34 | GC5: 0 | GD5: 2 | GE5: 10 | GF5: 0 | GG5: 19 | GH5: 140 | GI5: 3 | GJ5: 29 | GK5: 147 | GL5: 7 | GM5: 3 | GN5: 8 | GO5: 3 | GP5: 32 | GQ5: 27 | GR5: 50 | GS5: 7 | GT5: 6 | GU5: 224 | GV5: 42 | GW5: 76 | GX5: 0 | GY5: 7 | GZ5: 7 | HA5: 47 | HB5: 0 | HC5: 42 | HD5: 65 | HE5: 33 | HF5: 0 | HG5: 19 | HH5: 254 | HI5: 25 | HJ5: 0 | HK5: 42 | HL5: 0 | HM5: 42 | HN5: 29 | HO5: 80 | HP5: 19 | HQ5: 0 | HR5: 15 | HS5: 2 | HT5: 0 | HU5: 0 | HV5: 67 | HW5: 3 | HX5: 4 | HY5: 180 | HZ5: 4 | IA5: 6 | IB5: 28 | IC5: 6 | ID5: 0 | IE5: 15 | IF5: 12 | IG5: 7 | IH5: 186 | II5: 75 | IJ5: 2 | IK5: 218 | IL5: 0 | IM5: 0 | IN5: 104 | IO5: 133 | IP5: 150 | IQ5: 220 | IR5: 6 | IS5: 0 | IT5: 32 | IU5: 21 | IV5: 45 | IW5: 0 | IX5: 13 | IY5: 28 | IZ5: 10 | JA5: 0 | JB5: 4 | JC5: 11 | JD5: 24 | JE5: 4 | JF5: 3 | JG5: 4 | JH5: 205 | JI5: 0 | JJ5: 162 | JK5: 8 | JL5: 95 | JM5: 0 | JN5: 6 | JO5: 8 | JP5: 3 | JQ5: 10 | JR5: 101 | JS5: 188 | JT5: 33 | JU5: 20 | JV5: 28 | JW5: 0 | JX5: 150 | JY5: 20 | JZ5: 0 | KA5: 4 | KB5: 150 | KC5: 55 | KD5: 166 | KE5: 4 | KF5: 0 | KG5: 20 | KH5: 216 | KI5: 21 | KJ5: 0 | KK5: 0 | KL5: 4 | KM5: 0 | KN5: 60 | KO5: 0 | KP5: 2 | KQ5: 19 | KR5: 4 | KS5: 20 | KT5: 2 | KU5: 219 | KV5: 17 | KW5: 15 | KX5: 0 | KY5: 20 | KZ5: 2 | LA5: 2 | LB5: 60 | LC5: 77 | LD5: 3 | LE5: 0 | LF5: 6 | LG5: 65 | LH5: 3 | LI5: 52 | LJ5: 38 | LK5: 6 | LL5: 0 | LM5: 78 | LN5: 7 | LO5: 45 | LP5: 3 | LQ5: 0 | LR5: 0 | LS5: 10 | LT5: 3 | LU5: 8 | LV5: 0 | LW5: 2 | LX5: 3 | LY5: 151 | LZ5: 72 | MA5: 11 | MB5: 40 | MC5: 104 | MD5: 75 | ME5: 11 | MF5: 0 | MG5: 19 | MH5: 0 | MI5: 172 | MJ5: 0 | MK5: 111 | ML5: 7 | MM5: 0 | MN5: 11 | MO5: 52 | MP5: 13 | MQ5: 119 | MR5: 0 | MS5: 0 | MT5: 0 | MU5: 84 | MV5: 69 | MW5: 15 | MX5: 212 | MY5: 0 | MZ5: 11 | NA5: 4 | NB5: 6 | NC5: 28 | ND5: 129 | NE5: 6 | NF5: 151 | NG5: 12 | NH5: 0 | NI5: 6 | NJ5: 3 | NK5: 16 | NL5: 3 | NM5: 0 | NN5: 13 | NO5: 4 | NP5: 32 | NQ5: 2 | NR5: 0 | NS5: 0 | NT5: 78 | NU5: 12 | NV5: 0 | NW5: 6 | NX5: 4 | NY5: 33 | NZ5: 2 | OA5: 28 | OB5: 33 | OC5: 0 | OD5: 93 | OE5: 2 | OF5: 0 | OG5: 99 | OH5: 12 | OI5: 3 | OJ5: 8 | OK5: 6 | OL5: 0 | OM5: 137 | ON5: 3 | OO5: 38 | OP5: 0 | OQ5: 3 | OR5: 10 | OS5: 13 | OT5: 3 | OU5: 6 | OV5: 3 | OW5: 58 | OX5: 38 | OY5: 102 | OZ5: 0 | PA5: 156 | PB5: 28 | PC5: 52 | PD5: 179 | PE5: 19 | PF5: 3 | PG5: 12 | PH5: 2 | PI5: 29 | PJ5: 55 | PK5: 2 | PL5: 179 | PM5: 0 | PN5: 10 | PO5: 97 | PP5: 43 | PQ5: 19 | PR5: 149 | PS5: 12 | PT5: 2 | PU5: 2 | PV5: 28 | PW5: 6 | PX5: 2 | PY5: 4 | PZ5: 8 | QA5: 16 | QB5: 4 | QC5: 4 | QD5: 7 | QE5: 2 | QF5: 13 | QG5: 61 | QH5: 11 | QI5: 30 | QJ5: 43 | QK5: 62 | QL5: 8 | QM5: 72 | QN5: 25 | QO5: 12 | QP5: 197 | QQ5: 3 | QR5: 24 | QS5: 220 | QT5: 32 | QU5: 199 | QV5: 2 | QW5: 205 | QX5: 17 | QY5: 16 | QZ5: 23 | RA5: 2 | RB5: 28 | RC5: 11 | RD5: 84 | RE5: 2 | RF5: 11 | RG5: 4 | RH5: 4 | RI5: 110 | RJ5: 2 | RK5: 0 | RL5: 6 | RM5: 15 | RN5: 0 | RO5: 2 | RP5: 25 | RQ5: 0 | RR5: 120 | RS5: 169 | RT5: 13 | RU5: 16 | RV5: 2 | RW5: 29 | RX5: 99 | RY5: 15 | RZ5: 240 | SA5: 10 | SB5: 8 | SC5: 25 | SD5: 2 | SE5: 46 | SF5: 63 | SG5: 91 | SH5: 4 | SI5: 0 | SJ5: 20 | SK5: 67 | SL5: 2 | SM5: 28 | SN5: 106 | SO5: 146 | SP5: 3 | SQ5: 60 | SR5: 0 | SS5: 86 | ST5: 8 | SU5: 72 | SV5: 0 | SW5: 80 | SX5: 4 | SY5: 3 | SZ5: 42 | TA5: 25 | TB5: 2 | TC5: 56 | TD5: 38 | TE5: 0 | TF5: 16 | TG5: 7 | TH5: 16 | TI5: 67 | TJ5: 224 | TK5: 30 | TL5: 97 | TM5: 127 | TN5: 0 | TO5: 3 | TP5: 2 | TQ5: 8 | TR5: 0 | TS5: 65 | TT5: 37 | TU5: 4 | TV5: 11 | TW5: 7 | TX5: 4 | TY5: 0 | TZ5: 32 | UA5: 6 | UB5: 60 | UC5: 20 | UD5: 2 | UE5: 0 | UF5: 3 | UG5: 11 | UH5: 6 | UI5: 19 | UJ5: 111 | UK5: 15 | UL5: 102 | UM5: 29 | UN5: 15 | UO5: 50 | UP5: 8 | UQ5: 58 | UR5: 136 | US5: 168 | UT5: 28 | UU5: 3 | UV5: 65 | UW5: 2 | UX5: 0 | UY5: 0 | UZ5: 49 | VA5: 0 | VB5: 17 | VC5: 0 | VD5: 6 | VE5: 0 | VF5: 13 | VG5: 10 | VH5: 0 | VI5: 17 | VJ5: 0 | VK5: 39 | VL5: 6 | VM5: 8 | VN5: 0 | VO5: 7 | VP5: 32 | VQ5: 54 | VR5: 6 | VS5: 2 | VT5: 6 | VU5: 106 | VV5: 132 | VW5: 11 | VX5: 20 | VY5: 3 | VZ5: 7 | WA5: 0 | WB5: 13 | WC5: 2 | WD5: 0 | WE5: 10 | WF5: 71 | WG5: 0 | WH5: 4 | WI5: 2 | WJ5: 2 | WK5: 3 | WL5: 15 | WM5: 147 | WN5: 20 | WO5: 16 | WP5: 4 | WQ5: 2 | WR5: 64 | WS5: 17 | WT5: 0 | WU5: 2 | WV5: 6 | WW5: 19 | WX5: 10 | WY5: 11 | WZ5: 58 | XA5: 0 | XB5: 104 | XC5: 2 | XD5: 231 | XE5: 93 | XF5: 24 | XG5: 10 | XH5: 39 | XI5: 36 | XJ5: 168 | XK5: 13 | XL5: 42 | XM5: 0 | XN5: 38 | XO5: 8 | XP5: 54 | XQ5: 85 | XR5: 33 | XS5: 17 | XT5: 16 | XU5: 4 | XV5: 0 | XW5: 8 | XX5: 202 | XY5: 8 | XZ5: 119 | YA5: 41 | YB5: 125 | YC5: 6 | YD5: 29 | YE5: 0 | YF5: 26 | YG5: 1 | YH5: 2 | YI5: 21 | YJ5: 0 | YK5: 6 | YL5: 7 | YM5: 0 | YN5: 104 | YO5: 41 | YP5: 6 | YQ5: 23 | YR5: 0 | YS5: 19 | YT5: 0 | YU5: 7 | YV5: 80 | YW5: 19 | YX5: 58 | YY5: 69 | YZ5: 12 | ZA5: 0 | ZB5: 32 | ZC5: 25 | ZD5: 17 | ZE5: 34 | ZF5: 10 | ZG5: 175 | ZH5: 179 | ZI5: 6 | ZJ5: 28 | ZK5: 47 | ZL5: 133 | ZM5: 17 | ZN5: 0 | ZO5: 63 | ZP5: 6 | ZQ5: 119 | ZR5: 17 | ZS5: 3 | ZT5: 0 | ZU5: 3 | ZV5: 2 | ZW5: 3 | ZX5: 62 | ZY5: 104 | ZZ5: 33 | AAA5: 15 | AAB5: 0 | AAC5: 21 | AAD5: 16 | AAE5: 52 | AAF5: 6 | AAG5: 16 | AAH5: 0 | AAI5: 2 | AAJ5: 2 | AAK5: 32 | AAL5: 19 | AAM5: 21 | AAN5: 43 | AAO5: 121 | AAP5: 63 | AAQ5: 7 | AAR5: 0 | AAS5: 3 | AAT5: 0 | AAU5: 28 | AAV5: 2 | AAW5: 172 | AAX5: 13 | AAY5: 0 | AAZ5: 80 | ABA5: 164 | ABB5: 10 | ABC5: 59 | ABD5: 0 | ABE5: 6 | ABF5: 12 | ABG5: 7 | ABH5: 37 | ABI5: 43 | ABJ5: 177 | ABK5: 55 | ABL5: 7 | ABM5: 78 | ABN5: 13 | ABO5: 4 | ABP5: 3 | ABQ5: 13 | ABR5: 138 | ABS5: 75 | ABT5: 4 | ABU5: 138 | ABV5: 0 | ABW5: 15 | ABX5: 55 | ABY5: 17 | ABZ5: 104 | ACA5: 41 | ACB5: 104 | ACC5: 93 | ACD5: 16 | ACE5: 13 | ACF5: 0 | ACG5: 0 | ACH5: 12 | ACI5: 21 | ACJ5: 175 | ACK5: 2 | ACL5: 46 | ACM5: 4 | ACN5: 247 | ACO5: 127 | ACP5: 29 | ACQ5: 10 | ACR5: 76 | ACS5: 150 | ACT5: 28 | ACU5: 3 | ACV5: 2 | ACW5: 0 | ACX5: 0 | ACY5: 75 | ACZ5: 0 | ADA5: 227 | ADB5: 78 | ADC5: 8 | ADD5: 4 | ADE5: 2 | ADF5: 6 | ADG5: 3 | ADH5: 0 | ADI5: 39 | ADJ5: 25 | ADK5: 13 | ADL5: 80 | ADM5: 30 | ADN5: 12 | ADO5: 7 | ADP5: 26 | ADQ5: 12 | ADR5: 75 | ADS5: 46 | ADT5: 159 | ADU5: 12 | ADV5: 36 | ADW5: 2 | ADX5: 29 | ADY5: 15 | ADZ5: 153 | AEA5: 0 | AEB5: 2 | AEC5: 32 | AED5: 23 | AEE5: 123 | AEF5: 3 | AEG5: 6 | AEH5: 50 | AEI5: 90 | AEJ5: 76 | AEK5: 19 | AEL5: 2 | AEM5: 51 | AEN5: 0 | AEO5: 13 | AEP5: 23 | AEQ5: 3 | AER5: 7 | AES5: 19 | AET5: 50 | AEU5: 39 | AEV5: 20 | AEW5: 2 | AEX5: 73 | AEY5: 13 | AEZ5: 11 | AFA5: 7 | AFB5: 0 | AFC5: 0 | AFD5: 2 | AFE5: 46 | AFF5: 0 | AFG5: 28 | AFH5: 0 | AFI5: 7 | AFJ5: 12 | AFK5: 10 | AFL5: 19 | AFM5: 16 | AFN5: 134 | AFO5: 97 | AFP5: 0 | AFQ5: 0 | AFR5: 13 | AFS5: 0 | AFT5: 7 | AFU5: 21 | AFV5: 202 | AFW5: 0 | AFX5: 0 | AFY5: 234 | AFZ5: 0 | AGA5: 84 | AGB5: 0 | AGC5: 29 | AGD5: 6 | AGE5: 0 | AGF5: 4 | AGG5: 84 | AGH5: 58 | AGI5: 10 | AGJ5: 25 | AGK5: 0 | AGL5: 68 | AGM5: 19 | AGN5: 23 | AGO5: 62 | AGP5: 17 | AGQ5: 24 | AGR5: 43 | AGS5: 210 | AGT5: 12 | AGU5: 19 | AGV5: 89 | AGW5: 30 | AGX5: 3 | AGY5: 4 | AGZ5: 0 | AHA5: 6 | AHB5: 133 | AHC5: 168 | AHD5: 0 | AHE5: 0 | AHF5: 82 | AHG5: 78 | AHH5: 4 | AHI5: 23 | AHJ5: 40 | AHK5: 8 | AHL5: 160 | AHM5: 11 | AHN5: 76 | AHO5: 160 | AHP5: 15 | AHQ5: 6 | AHR5: 59 | AHS5: 0 | AHT5: 29 | AHU5: 39 | AHV5: 0 | AHW5: 194 | AHX5: 29 | AHY5: 10 | AHZ5: 0 | AIA5: 24 | AIB5: 91 | AIC5: 63 | AID5: 0 | AIE5: 8 | AIF5: 250 | AIG5: 138 | AIH5: 50 | AII5: 0 | AIJ5: 30 | AIK5: 146 | AIL5: 0 | AIM5: 220 | AIN5: 2 | AIO5: 0 | AIP5: 237 | AIQ5: 10 | AIR5: 250 | AIS5: 145 | AIT5: 93 | AIU5: 17 | AIV5: 99 | AIW5: 16 | AIX5: 12 | AIY5: 8 | AIZ5: 46 | AJA5: 2 | AJB5: 167 | AJC5: 23 | AJD5: 23 | AJE5: 110 | AJF5: 75 | AJG5: 16 | AJH5: 48 | AJI5: 160 | AJJ5: 7 | AJK5: 0 | AJL5: 55 | AJM5: 23 | AJN5: 2 | AJO5: 49 | AJP5: 2 | AJQ5: 0 | AJR5: 6 | AJS5: 19 | AJT5: 2 | AJU5: 3 | AJV5: 4 | AJW5: 69 | AJX5: 2 | AJY5: 4 | AJZ5: 25 | AKA5: 7 | AKB5: 6 | AKC5: 0 | AKD5: 13 | AKE5: 7 | AKF5: 31 | AKG5: 0 | AKH5: 0 | AKI5: 86 | AKJ5: 45 | AKK5: 4 | AKL5: 8 | AKM5: 63 | AKN5: 60 | AKO5: 150 | AKP5: 168 | AKQ5: 10 | AKR5: 2 | AKS5: 11 | AKT5: 0 | AKU5: 1 | AKV5: 0 | AKW5: 42 | AKX5: 192 | AKY5: 4 | AKZ5: 49 | ALA5: 89 | ALB5: 180 | ALC5: 0 | ALD5: 45 | ALE5: 0 | ALF5: 7 | ALG5: 137 | ALH5: 0 | ALI5: 2 | ALJ5: 95 | ALK5: 8 | ALL5: 130 | ALM5: 7 | ALN5: 25 | ALO5: 106 | ALP5: 28 | ALQ5: 3 | ALR5: 0 | ALS5: 68 | ALT5: 20 | ALU5: 75 | ALV5: 2 | ALW5: 0 | ALX5: 232 | ALY5: 2 | ALZ5: 0 | AMA5: 7 | AMB5: 0 | AMC5: 30 | AMD5: 132 | AME5: 15 | AMF5: 6 | AMG5: 15 | AMH5: 4 | AMI5: 0 | AMJ5: 16 | AMK5: 0 | AML5: 17 | AMM5: 116 | AMN5: 0 | AMO5: 19 | AMP5: 0 | AMQ5: 120 | AMR5: 110 | AMS5: 125 | AMT5: 106 | AMU5: 3 | AMV5: 110 | AMW5: 41 | AMX5: 2 | AMY5: 0 | AMZ5: 4 | ANA5: 13 | ANB5: 6 | ANC5: 0 | AND5: 7 | ANE5: 63 | ANF5: 0 | ANG5: 0 | ANH5: 13 | ANI5: 168 | ANJ5: 43 | ANK5: 17 | ANL5: 132 | ANM5: 0 | ANN5: 145 | ANO5: 7 | ANP5: 2 | ANQ5: 17 | ANR5: 0 | ANS5: 0 | ANT5: 30 | ANU5: 184 | ANV5: 0 | ANW5: 12 | ANX5: 85 | ANY5: 4 | ANZ5: 12 | AOA5: 3 | AOB5: 134 | AOC5: 64 | AOD5: 0 | AOE5: 11 | AOF5: 2 | AOG5: 82 | AOH5: 19 | AOI5: 2 | AOJ5: 4 | AOK5: 77 | AOL5: 58 | AOM5: 0 | AON5: 19 | AOO5: 2 | AOP5: 65 | AOQ5: 21 | AOR5: 64 | AOS5: 2 | AOT5: 99 | AOU5: 21 | AOV5: 2 | AOW5: 106 | AOX5: 2 | AOY5: 240 | AOZ5: 25 | APA5: 19 | APB5: 42 | APC5: 3 | APD5: 2 | APE5: 55 | APF5: 21 | APG5: 67 | APH5: 0 | API5: 58 | APJ5: 186 | APK5: 80 | APL5: 25 | APM5: 7 | APN5: 7 | APO5: 17 | APP5: 0 | APQ5: 15 | APR5: 21 | APS5: 20 | APT5: 86 | APU5: 30 | APV5: 0 | APW5: 125 | APX5: 3 | APY5: 0 | APZ5: 3 | AQA5: 64 | AQB5: 8 | AQC5: 23 | AQD5: 84 | AQE5: 2 | AQF5: 7 | AQG5: 43 | AQH5: 26 | AQI5: 4 | AQJ5: 82 | AQK5: 3 | AQL5: 2 | AQM5: 0 | AQN5: 11 | AQO5: 2 | AQP5: 6 | AQQ5: 219 | AQR5: 0 | AQS5: 11 | AQT5: 2 | AQU5: 116 | AQV5: 2 | AQW5: 3 | AQX5: 39 | AQY5: 7 | AQZ5: 4 | ARA5: 0 | ARB5: 50 | ARC5: 2 | ARD5: 2 | ARE5: 8 | ARF5: 0 | ARG5: 0 | ARH5: 52 | ARI5: 91 | ARJ5: 3 | ARK5: 39 | ARL5: 6 | ARM5: 0 | ARN5: 19 | ARO5: 237 | ARP5: 123 | ARQ5: 138 | ARR5: 7 | ARS5: 8 | ART5: 0 | ARU5: 34 | ARV5: 0 | ARW5: 7 | ARX5: 10 | ARY5: 12 | ARZ5: 29 | ASA5: 158 | ASB5: 3 | ASC5: 7 | ASD5: 86 | ASE5: 0 | ASF5: 0 | ASG5: 8 | ASH5: 0 | ASI5: 62 | ASJ5: 0 | ASK5: 94 | ASL5: 6 | ASM5: 6 | ASN5: 0 | ASO5: 21 | ASP5: 0 | ASQ5: 2 | ASR5: 2 | ASS5: 0 | AST5: 13 | ASU5: 0 | ASV5: 216 | ASW5: 37 | ASX5: 17 | ASY5: 10 | ASZ5: 4 | ATA5: 20 | ATB5: 29 | ATC5: 15 | ATD5: 34 | ATE5: 259 | ATF5: 13 | ATG5: 102 | ATH5: 4 | ATI5: 4 | ATJ5: 84 | ATK5: 8 | ATL5: 21 | ATM5: 0 | ATN5: 0 | ATO5: 3 | ATP5: 4 | ATQ5: 95 | ATR5: 50 | ATS5: 25 | ATT5: 6 | ATU5: 3 | ATV5: 32 | ATW5: 0 | ATX5: 99 | ATY5: 3 | ATZ5: 4 | AUA5: 3 | AUB5: 48 | AUC5: 2 | AUD5: 3 | AUE5: 47 | AUF5: 20 | AUG5: 2 | AUH5: 4 | AUI5: 0 | AUJ5: 7 | AUK5: 2 | AUL5: 8 | AUM5: 3 | AUN5: 0 | AUO5: 60 | AUP5: 2 | AUQ5: 99 | AUR5: 8 | AUS5: 0 | AUT5: 3 | AUU5: 3 | AUV5: 54 | AUW5: 101 | AUX5: 12 | AUY5: 1 | AUZ5: 8 | AVA5: 0 | AVB5: 0 | AVC5: 12 | AVD5: 38 | AVE5: 12 | AVF5: 115 | AVG5: 13 | AVH5: 10 | AVI5: 4 | AVJ5: 20 | AVK5: 168 | AVL5: 0 | AVM5: 219 | AVN5: 4 | AVO5: 23 | AVP5: 90 | AVQ5: 0 | AVR5: 0 | AVS5: 186 | AVT5: 8 | AVU5: 6 | AVV5: 2 | AVW5: 44 | AVX5: 50 | AVY5: 151 | AVZ5: 3 | AWA5: 7 | AWB5: 12 | AWC5: 16 | AWD5: 2 | AWE5: 8 | AWF5: 55 | AWG5: 4 | AWH5: 145 | AWI5: 99 | AWJ5: 0 | AWK5: 34 | AWL5: 133 | AWM5: 2 | AWN5: 6 | AWO5: 6 | AWP5: 137 | AWQ5: 51 | AWR5: 6 | AWS5: 2 | AWT5: 6 | AWU5: 0 | AWV5: 0 | AWW5: 19 | AWX5: 3 | AWY5: 37 | AWZ5: 207 | AXA5: 13 | AXB5: 2 | AXC5: 160 | AXD5: 6 | AXE5: 3 | AXF5: 94 | AXG5: 10 | AXH5: 8 | AXI5: 38 | AXJ5: 0 | AXK5: 54 | AXL5: 0 | AXM5: 210 | AXN5: 11 | AXO5: 41 | AXP5: 36 | AXQ5: 0 | AXR5: 59 | AXS5: 3 | AXT5: 6 | AXU5: 4 | AXV5: 34 | AXW5: 24 | AXX5: 112 | AXY5: 7 | AXZ5: 16 | AYA5: 19 | AYB5: 6 | AYC5: 6 | AYD5: 4 | AYE5: 98 | AYF5: 3 | AYG5: 71 | AYH5: 172 | AYI5: 182 | AYJ5: 0 | AYK5: 71 | AYL5: 141 | AYM5: 4 | AYN5: 0 | AYO5: 20 | AYP5: 4 | AYQ5: 0 | AYR5: 0 | AYS5: 23 | AYT5: 0 | AYU5: 19 | AYV5: 3 | AYW5: 65 | AYX5: 0 | AYY5: 116 | AYZ5: 0 | AZA5: 182 | AZB5: 4 | AZC5: 33 | AZD5: 124 | AZE5: 171 | AZF5: 0 | AZG5: 77 | AZH5: 193 | AZI5: 4 | AZJ5: 38 | AZK5: 8 | AZL5: 15 | AZM5: 56 | AZN5: 0 | AZO5: 160 | AZP5: 20 | AZQ5: 2 | AZR5: 16 | AZS5: 15 | AZT5: 11 | AZU5: 4 | AZV5: 0 | AZW5: 6 | AZX5: 11 | AZY5: 0 | AZZ5: 4 | BAA5: 0 | BAB5: 0 | BAC5: 26 | BAD5: 2 | BAE5: 11 | BAF5: 2 | BAG5: 2 | BAH5: 3 | BAI5: 51 | BAJ5: 0 | BAK5: 0 | BAL5: 2 | BAM5: 104 | BAN5: 13 | BAO5: 4 | BAP5: 0 | BAQ5: 15 | BAR5: 0 | BAS5: 30 | BAT5: 0 | BAU5: 8 | BAV5: 20 | BAW5: 65 | BAX5: 3 | BAY5: 0 | BAZ5: 6 | BBA5: 17 | BBB5: 46 | BBC5: 4 | BBD5: 8 | BBE5: 130 | BBF5: 11 | BBG5: 2 | BBH5: 69 | BBI5: 104 | BBJ5: 2 | BBK5: 242 | BBL5: 4 | BBM5: 51 | BBN5: 8 | BBO5: 16 | BBP5: 6 | BBQ5: 0 | BBR5: 0 | BBS5: 38 | BBT5: 16 | BBU5: 0 | BBV5: 23 | BBW5: 11 | BBX5: 0 | BBY5: 0 | BBZ5: 8 | BCA5: 175 | BCB5: 2 | BCC5: 11 | BCD5: 110 | BCE5: 2 | BCF5: 3 | BCG5: 3 | BCH5: 3 | BCI5: 4 | BCJ5: 3 | BCK5: 19 | BCL5: 10 | BCM5: 3 | BCN5: 4 | BCO5: 180 | BCP5: 246 | BCQ5: 28 | BCR5: 72 | BCS5: 11 | BCT5: 71 | BCU5: 58 | BCV5: 19 | BCW5: 98 | BCX5: 0 | BCY5: 0 | BCZ5: 86 | BDA5: 106 | BDB5: 2 | BDC5: 11 | BDD5: 89 | BDE5: 116 | BDF5: 7 | BDG5: 77 | BDH5: 0 | BDI5: 7 | BDJ5: 2 | BDK5: 54 | BDL5: 0 | BDM5: 75 | BDN5: 0 | BDO5: 91 | BDP5: 19 | BDQ5: 13 | BDR5: 0 | BDS5: 188 | BDT5: 33 | BDU5: 12 | BDV5: 210 | BDW5: 0 | BDX5: 7 | BDY5: 0 | BDZ5: 234 | BEA5: 10 | BEB5: 3 | BEC5: 10 | BED5: 197 | BEE5: 65 | BEF5: 20 | BEG5: 0 | BEH5: 69 | BEI5: 39 | BEJ5: 55 | BEK5: 3 | BEL5: 97 | BEM5: 15 | BEN5: 0 | BEO5: 210 | BEP5: 3 | BEQ5: 13 | BER5: 91 | BES5: 33 | BET5: 20 | BEU5: 11 | BEV5: 4 | BEW5: 8 | BEX5: 17 | BEY5: 11 | BEZ5: 21 | BFA5: 197 | BFB5: 58 | BFC5: 0 | BFD5: 45 | BFE5: 0 | BFF5: 99 | BFG5: 73 | BFH5: 6 | BFI5: 6 | BFJ5: 10 | BFK5: 8 | BFL5: 4 | BFM5: 20 | BFN5: 49 | BFO5: 219 | BFP5: 11 | BFQ5: 3 | BFR5: 0 | BFS5: 10 | BFT5: 149 | BFU5: 13 | BFV5: 42 | BFW5: 10 | BFX5: 19 | BFY5: 3 | BFZ5: 0 | BGA5: 0 | BGB5: 0 | BGC5: 24 | BGD5: 2 | BGE5: 80 | BGF5: 0 | BGG5: 80 | BGH5: 4 | BGI5: 36 | BGJ5: 149 | BGK5: 0 | BGL5: 10 | BGM5: 0 | BGN5: 25 | BGO5: 12 | BGP5: 46 | BGQ5: 2 | BGR5: 6 | BGS5: 35 | BGT5: 13 | BGU5: 63 | BGV5: 29 | BGW5: 0 | BGX5: 6 | BGY5: 8 | BGZ5: 8 | BHA5: 69 | BHB5: 19 | BHC5: 0 | BHD5: 4 | BHE5: 185 | BHF5: 3 | BHG5: 15 | BHH5: 0 | BHI5: 142 | BHJ5: 0 | BHK5: 12 | BHL5: 59 | BHM5: 0 | BHN5: 94 | BHO5: 7 | BHP5: 4 | BHQ5: 0 | BHR5: 10 | BHS5: 46 | BHT5: 3 | BHU5: 37 | BHV5: 0 | BHW5: 13 | BHX5: 52 | BHY5: 2 | BHZ5: 27 | BIA5: 4 | BIB5: 25 | BIC5: 16 | BID5: 8 | BIE5: 63 | BIF5: 13 | BIG5: 97 | BIH5: 2 | BII5: 11 | BIJ5: 0 | BIK5: 4 | BIL5: 0 | BIM5: 3 | BIN5: 140 | BIO5: 3 | BIP5: 19 | BIQ5: 253 | BIR5: 16 | BIS5: 0 | BIT5: 2 | BIU5: 0 | BIV5: 0 | BIW5: 34 | BIX5: 4 | BIY5: 12 | BIZ5: 75 | BJA5: 11 | BJB5: 24 | BJC5: 23 | BJD5: 3 | BJE5: 169 | BJF5: 2 | BJG5: 15 | BJH5: 33 | BJI5: 12 | BJJ5: 0 | BJK5: 0 | BJL5: 220 | BJM5: 6 | BJN5: 24 | BJO5: 0 | BJP5: 120 | BJQ5: 71 | BJR5: 3 | BJS5: 3 | BJT5: 0 | BJU5: 6 | BJV5: 0 | BJW5: 0 | BJX5: 15 | BJY5: 0 | BJZ5: 21 | BKA5: 111 | BKB5: 2 | BKC5: 4 | BKD5: 2 | BKE5: 0 | BKF5: 13 | BKG5: 10 | BKH5: 258 | BKI5: 0 | BKJ5: 4 | BKK5: 28 | BKL5: 34 | BKM5: 17 | BKN5: 23 | BKO5: 35 | BKP5: 6 | BKQ5: 2 | BKR5: 0 | BKS5: 4 | BKT5: 4 | BKU5: 80 | BKV5: 84 | BKW5: 134 | BKX5: 45 | BKY5: 33 | BKZ5: 32 | BLA5: 10 | BLB5: 8 | BLC5: 15 | BLD5: 29 | BLE5: 10 | BLF5: 39 | BLG5: 115 | BLH5: 3 | BLI5: 33 | BLJ5: 52 | BLK5: 104 | BLL5: 123 | BLM5: 24 | BLN5: 39 | BLO5: 11 | BLP5: 0 | BLQ5: 7 | BLR5: 76 | BLS5: 7 | BLT5: 0 | BLU5: 0 | BLV5: 3 | BLW5: 0 | BLX5: 21 | BLY5: 10 | BLZ5: 116 | BMA5: 146 | BMB5: 7 | BMC5: 78 | BMD5: 0 | BME5: 8 | BMF5: 12 | BMG5: 85 | BMH5: 2 | BMI5: 26 | BMJ5: 0 | BMK5: 258 | BML5: 0 | BMM5: 0 | BMN5: 16 | BMO5: 0 | BMP5: 6 | BMQ5: 2 | BMR5: 16 | BMS5: 30 | BMT5: 179 | BMU5: 3 | BMV5: 80 | BMW5: 0 | BMX5: 2 | BMY5: 207 | BMZ5: 12 | BNA5: 43 | BNB5: 39 | BNC5: 6 | BND5: 7 | BNE5: 10 | BNF5: 3 | BNG5: 29 | BNH5: 120 | BNI5: 62 | BNJ5: 16 | BNK5: 15 | BNL5: 0 | BNM5: 3 | BNN5: 36 | BNO5: 198 | BNP5: 0 | BNQ5: 23 | BNR5: 0 | BNS5: 104 | BNT5: 21 | BNU5: 153 | BNV5: 21 | BNW5: 29 | BNX5: 32 | BNY5: 0 | BNZ5: 0 | BOA5: 10 | BOB5: 2 | BOC5: 82 | BOD5: 0 | BOE5: 27 | BOF5: 7 | BOG5: 34 | BOH5: 102 | BOI5: 112 | BOJ5: 13 | BOK5: 49 | BOL5: 15 | BOM5: 6 | BON5: 7 | BOO5: 7 | BOP5: 0 | BOQ5: 4 | BOR5: 2 | BOS5: 16 | BOT5: 119 | BOU5: 8 | BOV5: 71 | BOW5: 65 | BOX5: 17 | BOY5: 93 | BOZ5: 0 | BPA5: 141 | BPB5: 2 | BPC5: 2 | BPD5: 10 | BPE5: 2 | BPF5: 17 | BPG5: 168 | BPH5: 0 | BPI5: 0 | BPJ5: 7 | BPK5: 3 | BPL5: 0 | BPM5: 138 | BPN5: 11 | BPO5: 0 | BPP5: 36 | BPQ5: 34 | BPR5: 8 | BPS5: 0 | BPT5: 11 | BPU5: 12 | BPV5: 223 | BPW5: 23 | BPX5: 12 | BPY5: 0 | BPZ5: 151 | BQA5: 11 | BQB5: 10 | BQC5: 0 | BQD5: 0 | BQE5: 3 | BQF5: 11 | BQG5: 258 | BQH5: 188 | BQI5: 145 | BQJ5: 0 | BQK5: 4 | BQL5: 0 | BQM5: 0 | BQN5: 5 | BQO5: 10 | BQP5: 224 | BQQ5: 89 | BQR5: 0 | BQS5: 0 | BQT5: 23 | BQU5: 91 | BQV5: 150 | BQW5: 0 | BQX5: 101 | BQY5: 90 | BQZ5: 12 | BRA5: 0 | BRB5: 80 | BRC5: 0 | BRD5: 4 | BRE5: 73 | BRF5: 104 | BRG5: 0 | BRH5: 8 | BRI5: 216 | BRJ5: 39 | BRK5: 37 | BRL5: 16 | BRM5: 2 | BRN5: 23 | BRO5: 12 | BRP5: 13 | BRQ5: 4 | BRR5: 160 | BRS5: 0 | BRT5: 20 | BRU5: 76 | BRV5: 2 | BRW5: 63 | BRX5: 0 | BRY5: 37 | BRZ5: 4 | BSA5: 0 | BSB5: 1 | BSC5: 13 | BSD5: 6 | BSE5: 6 | BSF5: 38 | BSG5: 3 | BSH5: 34 | BSI5: 20 | BSJ5: 65 | BSK5: 0 | BSL5: 3 | BSM5: 6 | BSN5: 95 | BSO5: 6 | BSP5: 69 | BSQ5: 6 | BSR5: 55 | BSS5: 103 | BST5: 124 | BSU5: 15 | BSV5: 4 | BSW5: 3 | BSX5: 8 | BSY5: 159 | BSZ5: 2 | BTA5: 150 | BTB5: 0 | BTC5: 0 | BTD5: 3 | BTE5: 4 | BTF5: 108 | BTG5: 181 | BTH5: 50 | BTI5: 60 | BTJ5: 23 | BTK5: 0 | BTL5: 0 | BTM5: 43 | BTN5: 6 | BTO5: 56 | BTP5: 0 | BTQ5: 65 | BTR5: 90 | BTS5: 54 | BTT5: 150 | BTU5: 99 | BTV5: 20 | BTW5: 0 | BTX5: 177 | BTY5: 25 | BTZ5: 29 | BUA5: 62 | BUB5: 1 | BUC5: 19 | BUD5: 3 | BUE5: 0 | BUF5: 20 | BUG5: 2 | BUH5: 0 | BUI5: 138 | BUJ5: 12 | BUK5: 2 | BUL5: 7 | BUM5: 0 | BUN5: 184 | BUO5: 158 | BUP5: 60 | BUQ5: 65 | BUR5: 0 | BUS5: 0 | BUT5: 23 | BUU5: 0 | BUV5: 15 | BUW5: 0 | BUX5: 10 | BUY5: 46 | BUZ5: 71 | BVA5: 129 | BVB5: 104 | BVC5: 0 | BVD5: 0 | BVE5: 40 | BVF5: 94 | BVG5: 25 | BVH5: 2 | BVI5: 8 | BVJ5: 3 | BVK5: 3 | BVL5: 130 | BVM5: 3 | BVN5: 39 | BVO5: 20 | BVP5: 0 | BVQ5: 13 | BVR5: 0 | BVS5: 3 | BVT5: 6 | BVU5: 151 | BVV5: 3 | BVW5: 104 | BVX5: 205 | BVY5: 111 | BVZ5: 10 | BWA5: 12 | BWB5: 0 | BWC5: 90 | BWD5: 94 | BWE5: 28 | BWF5: 11 | BWG5: 84 | BWH5: 3 | BWI5: 45 | BWJ5: 40 | BWK5: 17 | BWL5: 81 | BWM5: 0 | BWN5: 7 | BWO5: 10 | BWP5: 2 | BWQ5: 173 | BWR5: 56 | BWS5: 128 | BWT5: 123 | BWU5: 17 | BWV5: 37 | BWW5: 0 | BWX5: 8 | BWY5: 4 | BWZ5: 7 | BXA5: 2 | BXB5: 153 | BXC5: 2 | BXD5: 0 | BXE5: 0 | BXF5: 11 | BXG5: 10 | BXH5: 106 | BXI5: 6 | BXJ5: 20 | BXK5: 3 | BXL5: 0 | BXM5: 64 | BXN5: 3 | BXO5: 4 | BXP5: 145 | BXQ5: 13 | BXR5: 94 | BXS5: 108 | BXT5: 2 | BXU5: 52 | BXV5: 179 | BXW5: 41 | BXX5: 0 | BXY5: 33 | BXZ5: 3 | BYA5: 2 | BYB5: 20 | BYC5: 0 | BYD5: 0 | BYE5: 2 | BYF5: 208 | BYG5: 4 | BYH5: 17 | BYI5: 10 | BYJ5: 180 | BYK5: 13 | BYL5: 40 | BYM5: 208 | BYN5: 42 | BYO5: 2 | BYP5: 15 | BYQ5: 4 | BYR5: 0 | BYS5: 0 | BYT5: 12 | BYU5: 4 | BYV5: 52 | BYW5: 45 | BYX5: 69 | BYY5: 7 | BYZ5: 0 | BZA5: 4 | BZB5: 32 | BZC5: 13 | BZD5: 0 | BZE5: 46 | BZF5: 0 | BZG5: 119 | BZH5: 28 | BZI5: 36 | BZJ5: 93 | BZK5: 63 | BZL5: 15 | BZM5: 201 | BZN5: 55 | BZO5: 16 | BZP5: 10 | BZQ5: 3 | BZR5: 49 | BZS5: 4 | BZT5: 0 | BZU5: 120 | BZV5: 210 | BZW5: 73 | BZX5: 0 | BZY5: 6 | BZZ5: 69 | CAA5: 0 | CAB5: 3 | CAC5: 12 | CAD5: 20 | CAE5: 69 | CAF5: 0 | CAG5: 94 | CAH5: 20 | CAI5: 0 | CAJ5: 71 | CAK5: 0 | CAL5: 29 | CAM5: 23 | CAN5: 17 | CAO5: 21 | CAP5: 16 | CAQ5: 2 | CAR5: 12 | CAS5: 103 | CAT5: 0 | CAU5: 85 | CAV5: 121 | CAW5: 13 | CAX5: 0 | CAY5: 34 | CAZ5: 0 | CBA5: 0 | CBB5: 38 | CBC5: 12 | CBD5: 13 | CBE5: 33 | CBF5: 164 | CBG5: 62 | CBH5: 67 | CBI5: 114 | CBJ5: 2 | CBK5: 2 | CBL5: 10 | CBM5: 15 | CBN5: 24 | CBO5: 212 | CBP5: 32 | CBQ5: 2 | CBR5: 250 | CBS5: 8 | CBT5: 49 | CBU5: 33 | CBV5: 2 | CBW5: 63 | CBX5: 7 | CBY5: 16 | CBZ5: 16 | CCA5: 3 | CCB5: 6 | CCC5: 0 | CCD5: 3 | CCE5: 51 | CCF5: 56 | CCG5: 11 | CCH5: 2 | CCI5: 7 | CCJ5: 20 | CCK5: 25 | CCL5: 26 | CCM5: 13 | CCN5: 55 | CCO5: 2 | CCP5: 12 | CCQ5: 0 | CCR5: 4 | CCS5: 136 | CCT5: 0 | CCU5: 99 | CCV5: 19 | CCW5: 46 | CCX5: 0 | CCY5: 0 | CCZ5: 7 | CDA5: 50 | CDB5: 1 | CDC5: 20 | CDD5: 199 | CDE5: 4 | CDF5: 6 | CDG5: 4 | CDH5: 4 | CDI5: 4 | CDJ5: 3 | CDK5: 3 | CDL5: 8 | CDM5: 16 | CDN5: 0 | CDO5: 47 | CDP5: 0 | CDQ5: 0 | CDR5: 15 | CDS5: 3 | CDT5: 0 | CDU5: 229 | CDV5: 13 | CDW5: 6 | CDX5: 4 | CDY5: 4 | CDZ5: 10 | CEA5: 4 | CEB5: 19 | CEC5: 34 | CED5: 60 | CEE5: 4 | CEF5: 50 | CEG5: 133 | CEH5: 8 | CEI5: 4 | CEJ5: 150 | CEK5: 0 | CEL5: 94 | CEM5: 0 | CEN5: 13 | CEO5: 13 | CEP5: 192 | CEQ5: 50 | CER5: 0 | CES5: 193 | CET5: 224 | CEU5: 4 | CEV5: 30 | CEW5: 6 | CEX5: 0 | CEY5: 0 | CEZ5: 3 | CFA5: 12 | CFB5: 3 | CFC5: 62 | CFD5: 130 | CFE5: 59 | CFF5: 199 | CFG5: 11 | CFH5: 145 | CFI5: 0 | CFJ5: 3 | CFK5: 202 | CFL5: 52 | CFM5: 4 | CFN5: 10 | CFO5: 11 | CFP5: 13 | CFQ5: 2 | CFR5: 21 | CFS5: 65 | CFT5: 4 | CFU5: 71 | CFV5: 23 | CFW5: 0 | CFX5: 182 | CFY5: 0 | CFZ5: 15 | CGA5: 0 | CGB5: 32 | CGC5: 93 | CGD5: 2 | CGE5: 72 | CGF5: 1 | CGG5: 0 | CGH5: 3 | CGI5: 149 | CGJ5: 0 | CGK5: 26 | CGL5: 11 | CGM5: 69 | CGN5: 3 | CGO5: 0 | CGP5: 8 | CGQ5: 38 | CGR5: 15 | CGS5: 4 | CGT5: 12 | CGU5: 20 | CGV5: 7 | CGW5: 13 | CGX5: 3 | CGY5: 8 | CGZ5: 6 | CHA5: 42 | CHB5: 0 | CHC5: 32 | CHD5: 80 | CHE5: 2
A6: MntSweetProducts | B6: 88 | C6: 1 | D6: 21 | E6: 3 | F6: 27 | G6: 42 | H6: 49 | I6: 1 | J6: 3 | K6: 1 | L6: 2 | M6: 1 | N6: 112 | O6: 5 | P6: 1 | Q6: 68 | R6: 13 | S6: 12 | T6: 16 | U6: 24 | V6: 38 | W6: 1 | X6: 0 | Y6: 32 | Z6: 6 | AA6: 12 | AB6: 6 | AC6: 263 | AD6: 21 | AE6: 66 | AF6: 2 | AG6: 22 | AH6: 0 | AI6: 22 | AJ6: 68 | AK6: 1 | AL6: 8 | AM6: 7 | AN6: 0 | AO6: 49 | AP6: 178 | AQ6: 0 | AR6: 1 | AS6: 2 | AT6: 2 | AU6: 30 | AV6: 22 | AW6: 5 | AX6: 10 | AY6: 38 | AZ6: 67 | BA6: 167 | BB6: 1 | BC6: 40 | BD6: 24 | BE6: 120 | BF6: 120 | BG6: 1 | BH6: 2 | BI6: 0 | BJ6: 13 | BK6: 18 | BL6: 14 | BM6: 6 | BN6: 122 | BO6: 6 | BP6: 0 | BQ6: 24 | BR6: 82 | BS6: 29 | BT6: 60 | BU6: 4 | BV6: 37 | BW6: 6 | BX6: 15 | BY6: 1 | BZ6: 18 | CA6: 105 | CB6: 3 | CC6: 0 | CD6: 5 | CE6: 0 | CF6: 0 | CG6: 22 | CH6: 65 | CI6: 4 | CJ6: 0 | CK6: 3 | CL6: 133 | CM6: 0 | CN6: 37 | CO6: 0 | CP6: 28 | CQ6: 1 | CR6: 0 | CS6: 5 | CT6: 0 | CU6: 1 | CV6: 0 | CW6: 61 | CX6: 1 | CY6: 0 | CZ6: 132 | DA6: 40 | DB6: 26 | DC6: 0 | DD6: 1 | DE6: 98 | DF6: 4 | DG6: 22 | DH6: 35 | DI6: 51 | DJ6: 0 | DK6: 20 | DL6: 0 | DM6: 1 | DN6: 82 | DO6: 103 | DP6: 9 | DQ6: 5 | DR6: 72 | DS6: 4 | DT6: 4 | DU6: 3 | DV6: 72 | DW6: 28 | DX6: 0 | DY6: 0 | DZ6: 0 | EA6: 12 | EB6: 89 | EC6: 5 | ED6: 41 | EE6: 71 | EF6: 0 | EG6: 44 | EH6: 6 | EI6: 0 | EJ6: 2 | EK6: 1 | EL6: 61 | EM6: 20 | EN6: 40 | EO6: 33 | EP6: 16 | EQ6: 41 | ER6: 11 | ES6: 1 | ET6: 1 | EU6: 20 | EV6: 13 | EW6: 13 | EX6: 20 | EY6: 14 | EZ6: 0 | FA6: 13 | FB6: 12 | FC6: 0 | FD6: 28 | FE6: 91 | FF6: 0 | FG6: 16 | FH6: 4 | FI6: 12 | FJ6: 2 | FK6: 3 | FL6: 21 | FM6: 0 | FN6: 76 | FO6: 17 | FP6: 1 | FQ6: 8 | FR6: 3 | FS6: 0 | FT6: 0 | FU6: 71 | FV6: 89 | FW6: 0 | FX6: 0 | FY6: 0 | FZ6: 5 | GA6: 12 | GB6: 17 | GC6: 0 | GD6: 14 | GE6: 4 | GF6: 0 | GG6: 9 | GH6: 76 | GI6: 0 | GJ6: 0 | GK6: 113 | GL6: 4 | GM6: 19 | GN6: 9 | GO6: 1 | GP6: 16 | GQ6: 173 | GR6: 33 | GS6: 1 | GT6: 4 | GU6: 23 | GV6: 87 | GW6: 176 | GX6: 0 | GY6: 2 | GZ6: 6 | HA6: 13 | HB6: 0 | HC6: 32 | HD6: 4 | HE6: 102 | HF6: 0 | HG6: 9 | HH6: 87 | HI6: 19 | HJ6: 0 | HK6: 48 | HL6: 0 | HM6: 32 | HN6: 1 | HO6: 30 | HP6: 0 | HQ6: 1 | HR6: 11 | HS6: 1 | HT6: 11 | HU6: 0 | HV6: 51 | HW6: 0 | HX6: 15 | HY6: 138 | HZ6: 3 | IA6: 0 | IB6: 10 | IC6: 8 | ID6: 0 | IE6: 35 | IF6: 7 | IG6: 0 | IH6: 163 | II6: 124 | IJ6: 1 | IK6: 13 | IL6: 28 | IM6: 0 | IN6: 0 | IO6: 12 | IP6: 38 | IQ6: 70 | IR6: 1 | IS6: 2 | IT6: 172 | IU6: 20 | IV6: 42 | IW6: 0 | IX6: 10 | IY6: 24 | IZ6: 6 | JA6: 0 | JB6: 3 | JC6: 0 | JD6: 13 | JE6: 1 | JF6: 2 | JG6: 2 | JH6: 84 | JI6: 1 | JJ6: 149 | JK6: 2 | JL6: 73 | JM6: 8 | JN6: 2 | JO6: 7 | JP6: 7 | JQ6: 22 | JR6: 92 | JS6: 22 | JT6: 130 | JU6: 7 | JV6: 25 | JW6: 11 | JX6: 12 | JY6: 15 | JZ6: 0 | KA6: 5 | KB6: 74 | KC6: 114 | KD6: 141 | KE6: 3 | KF6: 9 | KG6: 8 | KH6: 21 | KI6: 1 | KJ6: 4 | KK6: 13 | KL6: 3 | KM6: 4 | KN6: 54 | KO6: 0 | KP6: 2 | KQ6: 0 | KR6: 3 | KS6: 13 | KT6: 3 | KU6: 147 | KV6: 23 | KW6: 45 | KX6: 0 | KY6: 4 | KZ6: 12 | LA6: 0 | LB6: 30 | LC6: 44 | LD6: 2 | LE6: 0 | LF6: 0 | LG6: 3 | LH6: 1 | LI6: 50 | LJ6: 29 | LK6: 2 | LL6: 0 | LM6: 12 | LN6: 23 | LO6: 45 | LP6: 2 | LQ6: 1 | LR6: 0 | LS6: 5 | LT6: 0 | LU6: 0 | LV6: 0 | LW6: 2 | LX6: 0 | LY6: 46 | LZ6: 97 | MA6: 2 | MB6: 25 | MC6: 64 | MD6: 118 | ME6: 3 | MF6: 0 | MG6: 14 | MH6: 1 | MI6: 153 | MJ6: 0 | MK6: 189 | ML6: 3 | MM6: 0 | MN6: 33 | MO6: 107 | MP6: 30 | MQ6: 0 | MR6: 0 | MS6: 1 | MT6: 0 | MU6: 128 | MV6: 0 | MW6: 19 | MX6: 163 | MY6: 0 | MZ6: 8 | NA6: 1 | NB6: 8 | NC6: 27 | ND6: 42 | NE6: 11 | NF6: 133 | NG6: 9 | NH6: 6 | NI6: 2 | NJ6: 1 | NK6: 12 | NL6: 3 | NM6: 0 | NN6: 2 | NO6: 4 | NP6: 24 | NQ6: 12 | NR6: 0 | NS6: 2 | NT6: 40 | NU6: 1 | NV6: 0 | NW6: 4 | NX6: 3 | NY6: 50 | NZ6: 8 | OA6: 21 | OB6: 134 | OC6: 13 | OD6: 91 | OE6: 9 | OF6: 7 | OG6: 30 | OH6: 3 | OI6: 2 | OJ6: 6 | OK6: 36 | OL6: 8 | OM6: 42 | ON6: 8 | OO6: 20 | OP6: 0 | OQ6: 2 | OR6: 9 | OS6: 7 | OT6: 3 | OU6: 9 | OV6: 7 | OW6: 150 | OX6: 29 | OY6: 78 | OZ6: 22 | PA6: 0 | PB6: 6 | PC6: 26 | PD6: 137 | PE6: 0 | PF6: 1 | PG6: 5 | PH6: 1 | PI6: 91 | PJ6: 0 | PK6: 0 | PL6: 103 | PM6: 34 | PN6: 6 | PO6: 172 | PP6: 16 | PQ6: 4 | PR6: 95 | PS6: 38 | PT6: 3 | PU6: 0 | PV6: 28 | PW6: 0 | PX6: 1 | PY6: 6 | PZ6: 0 | QA6: 0 | QB6: 3 | QC6: 4 | QD6: 6 | QE6: 12 | QF6: 5 | QG6: 156 | QH6: 0 | QI6: 66 | QJ6: 24 | QK6: 47 | QL6: 2 | QM6: 19 | QN6: 47 | QO6: 3 | QP6: 194 | QQ6: 17 | QR6: 23 | QS6: 96 | QT6: 16 | QU6: 191 | QV6: 1 | QW6: 84 | QX6: 15 | QY6: 38 | QZ6: 34 | RA6: 0 | RB6: 5 | RC6: 8 | RD6: 192 | RE6: 2 | RF6: 8 | RG6: 0 | RH6: 1 | RI6: 75 | RJ6: 0 | RK6: 4 | RL6: 0 | RM6: 0 | RN6: 1 | RO6: 10 | RP6: 11 | RQ6: 2 | RR6: 74 | RS6: 37 | RT6: 20 | RU6: 6 | RV6: 1 | RW6: 29 | RX6: 76 | RY6: 5 | RZ6: 50 | SA6: 0 | SB6: 0 | SC6: 19 | SD6: 0 | SE6: 35 | SF6: 28 | SG6: 14 | SH6: 0 | SI6: 0 | SJ6: 62 | SK6: 38 | SL6: 0 | SM6: 10 | SN6: 36 | SO6: 40 | SP6: 10 | SQ6: 26 | SR6: 1 | SS6: 58 | ST6: 10 | SU6: 129 | SV6: 6 | SW6: 61 | SX6: 3 | SY6: 1 | SZ6: 21 | TA6: 38 | TB6: 0 | TC6: 14 | TD6: 17 | TE6: 33 | TF6: 12 | TG6: 6 | TH6: 25 | TI6: 31 | TJ6: 17 | TK6: 27 | TL6: 57 | TM6: 54 | TN6: 0 | TO6: 9 | TP6: 2 | TQ6: 0 | TR6: 0 | TS6: 60 | TT6: 54 | TU6: 5 | TV6: 3 | TW6: 19 | TX6: 3 | TY6: 19 | TZ6: 108 | UA6: 7 | UB6: 107 | UC6: 12 | UD6: 1 | UE6: 0 | UF6: 4 | UG6: 0 | UH6: 4 | UI6: 21 | UJ6: 123 | UK6: 6 | UL6: 45 | UM6: 185 | UN6: 8 | UO6: 57 | UP6: 8 | UQ6: 134 | UR6: 0 | US6: 121 | UT6: 6 | UU6: 2 | UV6: 40 | UW6: 0 | UX6: 0 | UY6: 0 | UZ6: 10 | VA6: 0 | VB6: 24 | VC6: 10 | VD6: 0 | VE6: 0 | VF6: 0 | VG6: 2 | VH6: 0 | VI6: 2 | VJ6: 0 | VK6: 6 | VL6: 6 | VM6: 11 | VN6: 0 | VO6: 2 | VP6: 0 | VQ6: 47 | VR6: 4 | VS6: 5 | VT6: 4 | VU6: 163 | VV6: 127 | VW6: 2 | VX6: 34 | VY6: 10 | VZ6: 1 | WA6: 0 | WB6: 9 | WC6: 8 | WD6: 0 | WE6: 21 | WF6: 75 | WG6: 5 | WH6: 2 | WI6: 3 | WJ6: 0 | WK6: 5 | WL6: 2 | WM6: 22 | WN6: 18 | WO6: 0 | WP6: 7 | WQ6: 0 | WR6: 49 | WS6: 17 | WT6: 0 | WU6: 1 | WV6: 5 | WW6: 11 | WX6: 0 | WY6: 15 | WZ6: 17 | XA6: 4 | XB6: 35 | XC6: 1 | XD6: 31 | XE6: 125 | XF6: 1 | XG6: 3 | XH6: 30 | XI6: 18 | XJ6: 121 | XK6: 1 | XL6: 198 | XM6: 0 | XN6: 54 | XO6: 44 | XP6: 41 | XQ6: 43 | XR6: 50 | XS6: 0 | XT6: 12 | XU6: 3 | XV6: 42 | XW6: 11 | XX6: 21 | XY6: 4 | XZ6: 50 | YA6: 31 | YB6: 115 | YC6: 3 | YD6: 80 | YE6: 1 | YF6: 0 | YG6: 1 | YH6: 6 | YI6: 20 | YJ6: 82 | YK6: 1 | YL6: 11 | YM6: 2 | YN6: 98 | YO6: 7 | YP6: 2 | YQ6: 4 | YR6: 0 | YS6: 3 | YT6: 0 | YU6: 9 | YV6: 51 | YW6: 14 | YX6: 106 | YY6: 101 | YZ6: 9 | ZA6: 3 | ZB6: 12 | ZC6: 43 | ZD6: 1 | ZE6: 110 | ZF6: 23 | ZG6: 134 | ZH6: 61 | ZI6: 6 | ZJ6: 32 | ZK6: 48 | ZL6: 102 | ZM6: 3 | ZN6: 40 | ZO6: 9 | ZP6: 0 | ZQ6: 49 | ZR6: 11 | ZS6: 7 | ZT6: 2 | ZU6: 3 | ZV6: 0 | ZW6: 3 | ZX6: 83 | ZY6: 22 | ZZ6: 26 | AAA6: 64 | AAB6: 12 | AAC6: 16 | AAD6: 14 | AAE6: 107 | AAF6: 2 | AAG6: 6 | AAH6: 0 | AAI6: 2 | AAJ6: 2 | AAK6: 0 | AAL6: 14 | AAM6: 21 | AAN6: 8 | AAO6: 160 | AAP6: 138 | AAQ6: 5 | AAR6: 122 | AAS6: 0 | AAT6: 28 | AAU6: 28 | AAV6: 1 | AAW6: 166 | AAX6: 7 | AAY6: 0 | AAZ6: 76 | ABA6: 58 | ABB6: 3 | ABC6: 28 | ABD6: 0 | ABE6: 0 | ABF6: 24 | ABG6: 2 | ABH6: 28 | ABI6: 50 | ABJ6: 136 | ABK6: 18 | ABL6: 4 | ABM6: 24 | ABN6: 21 | ABO6: 3 | ABP6: 0 | ABQ6: 8 | ABR6: 31 | ABS6: 31 | ABT6: 8 | ABU6: 106 | ABV6: 3 | ABW6: 34 | ABX6: 56 | ABY6: 4 | ABZ6: 98 | ACA6: 27 | ACB6: 80 | ACC6: 116 | ACD6: 12 | ACE6: 0 | ACF6: 4 | ACG6: 0 | ACH6: 5 | ACI6: 43 | ACJ6: 67 | ACK6: 1 | ACL6: 17 | ACM6: 0 | ACN6: 0 | ACO6: 133 | ACP6: 15 | ACQ6: 0 | ACR6: 32 | ACS6: 0 | ACT6: 26 | ACU6: 4 | ACV6: 2 | ACW6: 0 | ACX6: 0 | ACY6: 0 | ACZ6: 1 | ADA6: 120 | ADB6: 182 | ADC6: 0 | ADD6: 1 | ADE6: 5 | ADF6: 6 | ADG6: 16 | ADH6: 2 | ADI6: 18 | ADJ6: 4 | ADK6: 3 | ADL6: 76 | ADM6: 23 | ADN6: 2 | ADO6: 2 | ADP6: 14 | ADQ6: 9 | ADR6: 14 | ADS6: 8 | ADT6: 91 | ADU6: 2 | ADV6: 27 | ADW6: 1 | ADX6: 14 | ADY6: 148 | ADZ6: 58 | AEA6: 0 | AEB6: 7 | AEC6: 3 | AED6: 17 | AEE6: 161 | AEF6: 16 | AEG6: 1 | AEH6: 30 | AEI6: 69 | AEJ6: 161 | AEK6: 4 | AEL6: 1 | AEM6: 157 | AEN6: 7 | AEO6: 6 | AEP6: 71 | AEQ6: 11 | AER6: 0 | AES6: 21 | AET6: 57 | AEU6: 153 | AEV6: 0 | AEW6: 1 | AEX6: 56 | AEY6: 0 | AEZ6: 1 | AFA6: 5 | AFB6: 16 | AFC6: 18 | AFD6: 1 | AFE6: 123 | AFF6: 6 | AFG6: 31 | AFH6: 1 | AFI6: 17 | AFJ6: 8 | AFK6: 44 | AFL6: 14 | AFM6: 3 | AFN6: 35 | AFO6: 55 | AFP6: 45 | AFQ6: 7 | AFR6: 9 | AFS6: 10 | AFT6: 0 | AFU6: 32 | AFV6: 133 | AFW6: 0 | AFX6: 0 | AFY6: 9 | AFZ6: 0 | AGA6: 25 | AGB6: 0 | AGC6: 30 | AGD6: 1 | AGE6: 0 | AGF6: 1 | AGG6: 41 | AGH6: 13 | AGI6: 3 | AGJ6: 7 | AGK6: 0 | AGL6: 20 | AGM6: 7 | AGN6: 0 | AGO6: 66 | AGP6: 4 | AGQ6: 15 | AGR6: 16 | AGS6: 143 | AGT6: 9 | AGU6: 1 | AGV6: 45 | AGW6: 18 | AGX6: 15 | AGY6: 1 | AGZ6: 0 | AHA6: 5 | AHB6: 102 | AHC6: 92 | AHD6: 5 | AHE6: 0 | AHF6: 24 | AHG6: 36 | AHH6: 1 | AHI6: 2 | AHJ6: 56 | AHK6: 3 | AHL6: 49 | AHM6: 0 | AHN6: 51 | AHO6: 169 | AHP6: 0 | AHQ6: 10 | AHR6: 103 | AHS6: 1 | AHT6: 40 | AHU6: 3 | AHV6: 7 | AHW6: 11 | AHX6: 18 | AHY6: 0 | AHZ6: 5 | AIA6: 3 | AIB6: 28 | AIC6: 60 | AID6: 0 | AIE6: 9 | AIF6: 27 | AIG6: 61 | AIH6: 9 | AII6: 19 | AIJ6: 32 | AIK6: 0 | AIL6: 0 | AIM6: 12 | AIN6: 7 | AIO6: 5 | AIP6: 149 | AIQ6: 24 | AIR6: 12 | AIS6: 55 | AIT6: 91 | AIU6: 13 | AIV6: 21 | AIW6: 9 | AIX6: 0 | AIY6: 9 | AIZ6: 17 | AJA6: 1 | AJB6: 75 | AJC6: 71 | AJD6: 24 | AJE6: 15 | AJF6: 86 | AJG6: 6 | AJH6: 70 | AJI6: 45 | AJJ6: 16 | AJK6: 0 | AJL6: 48 | AJM6: 25 | AJN6: 8 | AJO6: 18 | AJP6: 4 | AJQ6: 0 | AJR6: 3 | AJS6: 5 | AJT6: 0 | AJU6: 1 | AJV6: 146 | AJW6: 41 | AJX6: 2 | AJY6: 0 | AJZ6: 123 | AKA6: 0 | AKB6: 16 | AKC6: 17 | AKD6: 10 | AKE6: 59 | AKF6: 24 | AKG6: 9 | AKH6: 0 | AKI6: 72 | AKJ6: 137 | AKK6: 2 | AKL6: 7 | AKM6: 57 | AKN6: 92 | AKO6: 35 | AKP6: 18 | AKQ6: 3 | AKR6: 11 | AKS6: 0 | AKT6: 0 | AKU6: 0 | AKV6: 0 | AKW6: 87 | AKX6: 42 | AKY6: 7 | AKZ6: 55 | ALA6: 91 | ALB6: 37 | ALC6: 1 | ALD6: 69 | ALE6: 0 | ALF6: 5 | ALG6: 35 | ALH6: 6 | ALI6: 0 | ALJ6: 58 | ALK6: 17 | ALL6: 41 | ALM6: 2 | ALN6: 0 | ALO6: 20 | ALP6: 5 | ALQ6: 13 | ALR6: 2 | ALS6: 56 | ALT6: 38 | ALU6: 31 | ALV6: 1 | ALW6: 0 | ALX6: 178 | ALY6: 1 | ALZ6: 12 | AMA6: 0 | AMB6: 0 | AMC6: 43 | AMD6: 152 | AME6: 6 | AMF6: 5 | AMG6: 20 | AMH6: 1 | AMI6: 0 | AMJ6: 0 | AMK6: 0 | AML6: 0 | AMM6: 77 | AMN6: 12 | AMO6: 12 | AMP6: 0 | AMQ6: 11 | AMR6: 112 | AMS6: 115 | AMT6: 50 | AMU6: 8 | AMV6: 133 | AMW6: 26 | AMX6: 2 | AMY6: 0 | AMZ6: 4 | ANA6: 26 | ANB6: 24 | ANC6: 0 | AND6: 12 | ANE6: 33 | ANF6: 0 | ANG6: 1 | ANH6: 6 | ANI6: 53 | ANJ6: 39 | ANK6: 6 | ANL6: 152 | ANM6: 0 | ANN6: 0 | ANO6: 5 | ANP6: 0 | ANQ6: 0 | ANR6: 5 | ANS6: 0 | ANT6: 14 | ANU6: 54 | ANV6: 0 | ANW6: 0 | ANX6: 59 | ANY6: 2 | ANZ6: 0 | AOA6: 3 | AOB6: 44 | AOC6: 116 | AOD6: 4 | AOE6: 8 | AOF6: 1 | AOG6: 76 | AOH6: 21 | AOI6: 0 | AOJ6: 10 | AOK6: 138 | AOL6: 44 | AOM6: 3 | AON6: 10 | AOO6: 0 | AOP6: 92 | AOQ6: 13 | AOR6: 83 | AOS6: 0 | AOT6: 38 | AOU6: 0 | AOV6: 1 | AOW6: 54 | AOX6: 1 | AOY6: 32 | AOZ6: 95 | APA6: 8 | APB6: 21 | APC6: 3 | APD6: 1 | APE6: 30 | APF6: 16 | APG6: 39 | APH6: 0 | API6: 35 | APJ6: 161 | APK6: 9 | APL6: 19 | APM6: 7 | APN6: 6 | APO6: 93 | APP6: 0 | APQ6: 8 | APR6: 32 | APS6: 21 | APT6: 33 | APU6: 160 | APV6: 0 | APW6: 115 | APX6: 1 | APY6: 14 | APZ6: 0 | AQA6: 28 | AQB6: 6 | AQC6: 5 | AQD6: 28 | AQE6: 1 | AQF6: 13 | AQG6: 20 | AQH6: 23 | AQI6: 24 | AQJ6: 47 | AQK6: 1 | AQL6: 3 | AQM6: 33 | AQN6: 0 | AQO6: 0 | AQP6: 3 | AQQ6: 30 | AQR6: 19 | AQS6: 8 | AQT6: 4 | AQU6: 0 | AQV6: 2 | AQW6: 2 | AQX6: 72 | AQY6: 15 | AQZ6: 8 | ARA6: 0 | ARB6: 38 | ARC6: 2 | ARD6: 4 | ARE6: 19 | ARF6: 0 | ARG6: 0 | ARH6: 20 | ARI6: 112 | ARJ6: 0 | ARK6: 137 | ARL6: 13 | ARM6: 0 | ARN6: 14 | ARO6: 172 | ARP6: 13 | ARQ6: 17 | ARR6: 7 | ARS6: 19 | ART6: 0 | ARU6: 26 | ARV6: 0 | ARW6: 29 | ARX6: 7 | ARY6: 7 | ARZ6: 151 | ASA6: 60 | ASB6: 3 | ASC6: 6 | ASD6: 99 | ASE6: 0 | ASF6: 18 | ASG6: 8 | ASH6: 0 | ASI6: 21 | ASJ6: 4 | ASK6: 144 | ASL6: 9 | ASM6: 0 | ASN6: 0 | ASO6: 6 | ASP6: 0 | ASQ6: 0 | ASR6: 2 | ASS6: 0 | AST6: 1 | ASU6: 2 | ASV6: 66 | ASW6: 14 | ASX6: 29 | ASY6: 6 | ASZ6: 2 | ATA6: 7 | ATB6: 15 | ATC6: 0 | ATD6: 35 | ATE6: 151 | ATF6: 13 | ATG6: 78 | ATH6: 5 | ATI6: 3 | ATJ6: 10 | ATK6: 6 | ATL6: 66 | ATM6: 14 | ATN6: 0 | ATO6: 2 | ATP6: 3 | ATQ6: 78 | ATR6: 34 | ATS6: 19 | ATT6: 13 | ATU6: 15 | ATV6: 14 | ATW6: 0 | ATX6: 30 | ATY6: 1 | ATZ6: 6 | AUA6: 1 | AUB6: 122 | AUC6: 1 | AUD6: 2 | AUE6: 12 | AUF6: 7 | AUG6: 2 | AUH6: 7 | AUI6: 0 | AUJ6: 1 | AUK6: 1 | AUL6: 3 | AUM6: 3 | AUN6: 1 | AUO6: 147 | AUP6: 0 | AUQ6: 30 | AUR6: 0 | AUS6: 4 | AUT6: 6 | AUU6: 0 | AUV6: 115 | AUW6: 0 | AUX6: 12 | AUY6: 1 | AUZ6: 26 | AVA6: 0 | AVB6: 0 | AVC6: 0 | AVD6: 29 | AVE6: 48 | AVF6: 59 | AVG6: 195 | AVH6: 23 | AVI6: 11 | AVJ6: 0 | AVK6: 91 | AVL6: 0 | AVM6: 189 | AVN6: 2 | AVO6: 34 | AVP6: 69 | AVQ6: 0 | AVR6: 2 | AVS6: 161 | AVT6: 6 | AVU6: 8 | AVV6: 1 | AVW6: 18 | AVX6: 9 | AVY6: 38 | AVZ6: 19 | AWA6: 0 | AWB6: 15 | AWC6: 12 | AWD6: 2 | AWE6: 30 | AWF6: 63 | AWG6: 0 | AWH6: 55 | AWI6: 98 | AWJ6: 0 | AWK6: 26 | AWL6: 49 | AWM6: 1 | AWN6: 0 | AWO6: 4 | AWP6: 42 | AWQ6: 72 | AWR6: 0 | AWS6: 1 | AWT6: 3 | AWU6: 1 | AWV6: 0 | AWW6: 11 | AWX6: 0 | AWY6: 21 | AWZ6: 175 | AXA6: 4 | AXB6: 0 | AXC6: 45 | AXD6: 3 | AXE6: 5 | AXF6: 145 | AXG6: 0 | AXH6: 6 | AXI6: 29 | AXJ6: 0 | AXK6: 10 | AXL6: 58 | AXM6: 0 | AXN6: 5 | AXO6: 162 | AXP6: 40 | AXQ6: 0 | AXR6: 10 | AXS6: 2 | AXT6: 0 | AXU6: 6 | AXV6: 69 | AXW6: 12 | AXX6: 105 | AXY6: 2 | AXZ6: 0 | AYA6: 14 | AYB6: 3 | AYC6: 1 | AYD6: 3 | AYE6: 75 | AYF6: 24 | AYG6: 15 | AYH6: 96 | AYI6: 187 | AYJ6: 126 | AYK6: 30 | AYL6: 97 | AYM6: 3 | AYN6: 3 | AYO6: 13 | AYP6: 6 | AYQ6: 10 | AYR6: 0 | AYS6: 4 | AYT6: 11 | AYU6: 14 | AYV6: 4 | AYW6: 61 | AYX6: 30 | AYY6: 0 | AYZ6: 29 | AZA6: 64 | AZB6: 3 | AZC6: 15 | AZD6: 29 | AZE6: 30 | AZF6: 20 | AZG6: 70 | AZH6: 37 | AZI6: 4 | AZJ6: 0 | AZK6: 8 | AZL6: 11 | AZM6: 108 | AZN6: 7 | AZO6: 143 | AZP6: 0 | AZQ6: 2 | AZR6: 14 | AZS6: 2 | AZT6: 8 | AZU6: 7 | AZV6: 0 | AZW6: 0 | AZX6: 8 | AZY6: 13 | AZZ6: 3 | BAA6: 5 | BAB6: 0 | BAC6: 20 | BAD6: 9 | BAE6: 10 | BAF6: 2 | BAG6: 0 | BAH6: 0 | BAI6: 19 | BAJ6: 0 | BAK6: 3 | BAL6: 0 | BAM6: 80 | BAN6: 7 | BAO6: 2 | BAP6: 0 | BAQ6: 4 | BAR6: 0 | BAS6: 0 | BAT6: 0 | BAU6: 5 | BAV6: 7 | BAW6: 0 | BAX6: 5 | BAY6: 7 | BAZ6: 2 | BBA6: 0 | BBB6: 14 | BBC6: 1 | BBD6: 0 | BBE6: 35 | BBF6: 13 | BBG6: 1 | BBH6: 46 | BBI6: 0 | BBJ6: 1 | BBK6: 40 | BBL6: 36 | BBM6: 8 | BBN6: 6 | BBO6: 30 | BBP6: 4 | BBQ6: 4 | BBR6: 0 | BBS6: 8 | BBT6: 12 | BBU6: 0 | BBV6: 4 | BBW6: 8 | BBX6: 0 | BBY6: 0 | BBZ6: 6 | BCA6: 16 | BCB6: 0 | BCC6: 2 | BCD6: 147 | BCE6: 3 | BCF6: 67 | BCG6: 0 | BCH6: 5 | BCI6: 2 | BCJ6: 26 | BCK6: 1 | BCL6: 5 | BCM6: 2 | BCN6: 5 | BCO6: 26 | BCP6: 105 | BCQ6: 48 | BCR6: 160 | BCS6: 0 | BCT6: 54 | BCU6: 8 | BCV6: 7 | BCW6: 54 | BCX6: 58 | BCY6: 0 | BCZ6: 13 | BDA6: 50 | BDB6: 1 | BDC6: 5 | BDD6: 114 | BDE6: 64 | BDF6: 5 | BDG6: 5 | BDH6: 0 | BDI6: 5 | BDJ6: 0 | BDK6: 41 | BDL6: 10 | BDM6: 31 | BDN6: 0 | BDO6: 56 | BDP6: 4 | BDQ6: 1 | BDR6: 1 | BDS6: 0 | BDT6: 12 | BDU6: 7 | BDV6: 0 | BDW6: 1 | BDX6: 7 | BDY6: 0 | BDZ6: 9 | BEA6: 21 | BEB6: 5 | BEC6: 5 | BED6: 194 | BEE6: 67 | BEF6: 15 | BEG6: 0 | BEH6: 35 | BEI6: 0 | BEJ6: 42 | BEK6: 2 | BEL6: 148 | BEM6: 23 | BEN6: 5 | BEO6: 85 | BEP6: 1 | BEQ6: 10 | BER6: 98 | BES6: 89 | BET6: 9 | BEU6: 2 | BEV6: 15 | BEW6: 6 | BEX6: 13 | BEY6: 8 | BEZ6: 109 | BFA6: 151 | BFB6: 152 | BFC6: 24 | BFD6: 137 | BFE6: 0 | BFF6: 137 | BFG6: 197 | BFH6: 13 | BFI6: 20 | BFJ6: 7 | BFK6: 8 | BFL6: 3 | BFM6: 1 | BFN6: 74 | BFO6: 70 | BFP6: 4 | BFQ6: 1 | BFR6: 0 | BFS6: 28 | BFT6: 125 | BFU6: 0 | BFV6: 176 | BFW6: 4 | BFX6: 14 | BFY6: 0 | BFZ6: 26 | BGA6: 0 | BGB6: 10 | BGC6: 15 | BGD6: 0 | BGE6: 20 | BGF6: 0 | BGG6: 0 | BGH6: 2 | BGI6: 27 | BGJ6: 165 | BGK6: 0 | BGL6: 7 | BGM6: 4 | BGN6: 1 | BGO6: 1 | BGP6: 59 | BGQ6: 1 | BGR6: 7 | BGS6: 71 | BGT6: 97 | BGU6: 33 | BGV6: 80 | BGW6: 1 | BGX6: 2 | BGY6: 0 | BGZ6: 9 | BHA6: 44 | BHB6: 1 | BHC6: 0 | BHD6: 1 | BHE6: 121 | BHF6: 0 | BHG6: 3 | BHH6: 12 | BHI6: 23 | BHJ6: 6 | BHK6: 19 | BHL6: 68 | BHM6: 0 | BHN6: 144 | BHO6: 0 | BHP6: 15 | BHQ6: 0 | BHR6: 8 | BHS6: 35 | BHT6: 10 | BHU6: 14 | BHV6: 0 | BHW6: 43 | BHX6: 32 | BHY6: 10 | BHZ6: 65 | BIA6: 2 | BIB6: 22 | BIC6: 66 | BID6: 2 | BIE6: 32 | BIF6: 1 | BIG6: 174 | BIH6: 15 | BII6: 5 | BIJ6: 0 | BIK6: 3 | BIL6: 2 | BIM6: 11 | BIN6: 80 | BIO6: 3 | BIP6: 4 | BIQ6: 151 | BIR6: 12 | BIS6: 0 | BIT6: 2 | BIU6: 0 | BIV6: 112 | BIW6: 32 | BIX6: 3 | BIY6: 0 | BIZ6: 118 | BJA6: 7 | BJB6: 25 | BJC6: 7 | BJD6: 1 | BJE6: 69 | BJF6: 1 | BJG6: 11 | BJH6: 15 | BJI6: 9 | BJJ6: 1 | BJK6: 17 | BJL6: 96 | BJM6: 4 | BJN6: 26 | BJO6: 0 | BJP6: 112 | BJQ6: 44 | BJR6: 2 | BJS6: 5 | BJT6: 82 | BJU6: 2 | BJV6: 1 | BJW6: 0 | BJX6: 19 | BJY6: 0 | BJZ6: 16 | BKA6: 23 | BKB6: 0 | BKC6: 5 | BKD6: 3 | BKE6: 15 | BKF6: 32 | BKG6: 0 | BKH6: 14 | BKI6: 3 | BKJ6: 0 | BKK6: 7 | BKL6: 12 | BKM6: 2 | BKN6: 2 | BKO6: 163 | BKP6: 3 | BKQ6: 1 | BKR6: 0 | BKS6: 1 | BKT6: 3 | BKU6: 46 | BKV6: 16 | BKW6: 51 | BKX6: 4 | BKY6: 0 | BKZ6: 24 | BLA6: 3 | BLB6: 0 | BLC6: 3 | BLD6: 22 | BLE6: 1 | BLF6: 30 | BLG6: 59 | BLH6: 2 | BLI6: 196 | BLJ6: 40 | BLK6: 35 | BLL6: 107 | BLM6: 11 | BLN6: 15 | BLO6: 9 | BLP6: 0 | BLQ6: 4 | BLR6: 102 | BLS6: 6 | BLT6: 0 | BLU6: 0 | BLV6: 2 | BLW6: 1 | BLX6: 83 | BLY6: 0 | BLZ6: 80 | BMA6: 40 | BMB6: 0 | BMC6: 48 | BMD6: 0 | BME6: 2 | BMF6: 6 | BMG6: 6 | BMH6: 0 | BMI6: 20 | BMJ6: 0 | BMK6: 107 | BML6: 45 | BMM6: 0 | BMN6: 4 | BMO6: 0 | BMP6: 16 | BMQ6: 3 | BMR6: 24 | BMS6: 0 | BMT6: 97 | BMU6: 12 | BMV6: 20 | BMW6: 88 | BMX6: 3 | BMY6: 35 | BMZ6: 9 | BNA6: 39 | BNB6: 81 | BNC6: 2 | BND6: 12 | BNE6: 53 | BNF6: 1 | BNG6: 25 | BNH6: 74 | BNI6: 95 | BNJ6: 0 | BNK6: 4 | BNL6: 0 | BNM6: 2 | BNN6: 27 | BNO6: 174 | BNP6: 0 | BNQ6: 4 | BNR6: 0 | BNS6: 107 | BNT6: 118 | BNU6: 14 | BNV6: 43 | BNW6: 44 | BNX6: 3 | BNY6: 5 | BNZ6: 3 | BOA6: 23 | BOB6: 14 | BOC6: 26 | BOD6: 0 | BOE6: 118 | BOF6: 4 | BOG6: 17 | BOH6: 92 | BOI6: 43 | BOJ6: 10 | BOK6: 10 | BOL6: 8 | BOM6: 0 | BON6: 3 | BOO6: 8 | BOP6: 8 | BOQ6: 6 | BOR6: 1 | BOS6: 126 | BOT6: 107 | BOU6: 0 | BOV6: 66 | BOW6: 60 | BOX6: 14 | BOY6: 35 | BOZ6: 0 | BPA6: 97 | BPB6: 14 | BPC6: 0 | BPD6: 7 | BPE6: 9 | BPF6: 0 | BPG6: 53 | BPH6: 0 | BPI6: 0 | BPJ6: 5 | BPK6: 2 | BPL6: 0 | BPM6: 89 | BPN6: 10 | BPO6: 4 | BPP6: 46 | BPQ6: 26 | BPR6: 3 | BPS6: 9 | BPT6: 8 | BPU6: 1 | BPV6: 150 | BPW6: 35 | BPX6: 8 | BPY6: 0 | BPZ6: 25 | BQA6: 4 | BQB6: 1 | BQC6: 2 | BQD6: 45 | BQE6: 2 | BQF6: 44 | BQG6: 14 | BQH6: 38 | BQI6: 37 | BQJ6: 4 | BQK6: 15 | BQL6: 0 | BQM6: 24 | BQN6: 2 | BQO6: 6 | BQP6: 23 | BQQ6: 86 | BQR6: 0 | BQS6: 51 | BQT6: 62 | BQU6: 169 | BQV6: 138 | BQW6: 0 | BQX6: 77 | BQY6: 139 | BQZ6: 14 | BRA6: 0 | BRB6: 35 | BRC6: 0 | BRD6: 4 | BRE6: 35 | BRF6: 188 | BRG6: 2 | BRH6: 3 | BRI6: 24 | BRJ6: 0 | BRK6: 22 | BRL6: 9 | BRM6: 1 | BRN6: 26 | BRO6: 7 | BRP6: 13 | BRQ6: 0 | BRR6: 142 | BRS6: 12 | BRT6: 0 | BRU6: 58 | BRV6: 4 | BRW6: 72 | BRX6: 2 | BRY6: 57 | BRZ6: 15 | BSA6: 21 | BSB6: 1 | BSC6: 4 | BSD6: 4 | BSE6: 1 | BSF6: 107 | BSG6: 1 | BSH6: 40 | BSI6: 0 | BSJ6: 38 | BSK6: 12 | BSL6: 5 | BSM6: 2 | BSN6: 58 | BSO6: 24 | BSP6: 8 | BSQ6: 2 | BSR6: 30 | BSS6: 88 | BST6: 29 | BSU6: 0 | BSV6: 2 | BSW6: 0 | BSX6: 3 | BSY6: 81 | BSZ6: 2 | BTA6: 105 | BTB6: 0 | BTC6: 6 | BTD6: 5 | BTE6: 8 | BTF6: 94 | BTG6: 165 | BTH6: 19 | BTI6: 46 | BTJ6: 143 | BTK6: 1 | BTL6: 1 | BTM6: 8 | BTN6: 1 | BTO6: 56 | BTP6: 0 | BTQ6: 83 | BTR6: 138 | BTS6: 6 | BTT6: 38 | BTU6: 95 | BTV6: 0 | BTW6: 0 | BTX6: 14 | BTY6: 10 | BTZ6: 0 | BUA6: 63 | BUB6: 262 | BUC6: 14 | BUD6: 0 | BUE6: 4 | BUF6: 7 | BUG6: 1 | BUH6: 0 | BUI6: 61 | BUJ6: 19 | BUK6: 1 | BUL6: 3 | BUM6: 0 | BUN6: 23 | BUO6: 53 | BUP6: 92 | BUQ6: 50 | BUR6: 0 | BUS6: 0 | BUT6: 4 | BUU6: 2 | BUV6: 20 | BUW6: 0 | BUX6: 5 | BUY6: 185 | BUZ6: 108 | BVA6: 66 | BVB6: 22 | BVC6: 4 | BVD6: 0 | BVE6: 46 | BVF6: 84 | BVG6: 91 | BVH6: 2 | BVI6: 17 | BVJ6: 3 | BVK6: 4 | BVL6: 38 | BVM6: 5 | BVN6: 30 | BVO6: 0 | BVP6: 0 | BVQ6: 13 | BVR6: 14 | BVS6: 2 | BVT6: 2 | BVU6: 141 | BVV6: 6 | BVW6: 11 | BVX6: 26 | BVY6: 85 | BVZ6: 2 | BWA6: 7 | BWB6: 0 | BWC6: 29 | BWD6: 12 | BWE6: 21 | BWF6: 8 | BWG6: 54 | BWH6: 1 | BWI6: 6 | BWJ6: 17 | BWK6: 2 | BWL6: 179 | BWM6: 0 | BWN6: 3 | BWO6: 10 | BWP6: 0 | BWQ6: 49 | BWR6: 86 | BWS6: 76 | BWT6: 94 | BWU6: 26 | BWV6: 47 | BWW6: 0 | BWX6: 3 | BWY6: 23 | BWZ6: 9 | BXA6: 4 | BXB6: 19 | BXC6: 0 | BXD6: 3 | BXE6: 1 | BXF6: 14 | BXG6: 7 | BXH6: 143 | BXI6: 5 | BXJ6: 0 | BXK6: 1 | BXL6: 2 | BXM6: 26 | BXN6: 8 | BXO6: 11 | BXP6: 37 | BXQ6: 13 | BXR6: 29 | BXS6: 100 | BXT6: 1 | BXU6: 101 | BXV6: 28 | BXW6: 31 | BXX6: 7 | BXY6: 36 | BXZ6: 2 | BYA6: 0 | BYB6: 21 | BYC6: 0 | BYD6: 0 | BYE6: 0 | BYF6: 93 | BYG6: 0 | BYH6: 13 | BYI6: 14 | BYJ6: 34 | BYK6: 12 | BYL6: 194 | BYM6: 129 | BYN6: 48 | BYO6: 1 | BYP6: 21 | BYQ6: 1 | BYR6: 0 | BYS6: 3 | BYT6: 10 | BYU6: 7 | BYV6: 7 | BYW6: 0 | BYX6: 10 | BYY6: 3 | BYZ6: 4 | BZA6: 2 | BZB6: 49 | BZC6: 14 | BZD6: 17 | BZE6: 7 | BZF6: 5 | BZG6: 101 | BZH6: 10 | BZI6: 17 | BZJ6: 61 | BZK6: 6 | BZL6: 5 | BZM6: 61 | BZN6: 42 | BZO6: 102 | BZP6: 5 | BZQ6: 0 | BZR6: 34 | BZS6: 25 | BZT6: 1 | BZU6: 80 | BZV6: 44 | BZW6: 98 | BZX6: 2 | BZY6: 4 | BZZ6: 53 | CAA6: 0 | CAB6: 0 | CAC6: 17 | CAD6: 0 | CAE6: 44 | CAF6: 8 | CAG6: 66 | CAH6: 8 | CAI6: 2 | CAJ6: 54 | CAK6: 0 | CAL6: 80 | CAM6: 151 | CAN6: 6 | CAO6: 33 | CAP6: 14 | CAQ6: 1 | CAR6: 9 | CAS6: 39 | CAT6: 2 | CAU6: 59 | CAV6: 80 | CAW6: 54 | CAX6: 0 | CAY6: 7 | CAZ6: 0 | CBA6: 0 | CBB6: 9 | CBC6: 6 | CBD6: 6 | CBE6: 89 | CBF6: 126 | CBG6: 47 | CBH6: 17 | CBI6: 73 | CBJ6: 0 | CBK6: 1 | CBL6: 3 | CBM6: 1 | CBN6: 15 | CBO6: 61 | CBP6: 49 | CBQ6: 0 | CBR6: 192 | CBS6: 4 | CBT6: 0 | CBU6: 12 | CBV6: 0 | CBW6: 28 | CBX6: 4 | CBY6: 24 | CBZ6: 12 | CCA6: 16 | CCB6: 5 | CCC6: 0 | CCD6: 2 | CCE6: 79 | CCF6: 43 | CCG6: 8 | CCH6: 0 | CCI6: 6 | CCJ6: 3 | CCK6: 9 | CCL6: 2 | CCM6: 10 | CCN6: 56 | CCO6: 2 | CCP6: 8 | CCQ6: 0 | CCR6: 0 | CCS6: 21 | CCT6: 0 | CCU6: 30 | CCV6: 9 | CCW6: 89 | CCX6: 25 | CCY6: 0 | CCZ6: 3 | CDA6: 38 | CDB6: 1 | CDC6: 30 | CDD6: 0 | CDE6: 7 | CDF6: 11 | CDG6: 1 | CDH6: 12 | CDI6: 2 | CDJ6: 6 | CDK6: 1 | CDL6: 0 | CDM6: 1 | CDN6: 15 | CDO6: 36 | CDP6: 1 | CDQ6: 2 | CDR6: 14 | CDS6: 1 | CDT6: 1 | CDU6: 48 | CDV6: 10 | CDW6: 11 | CDX6: 5 | CDY6: 7 | CDZ6: 10 | CEA6: 2 | CEB6: 7 | CEC6: 42 | CED6: 46 | CEE6: 12 | CEF6: 15 | CEG6: 102 | CEH6: 1 | CEI6: 0 | CEJ6: 138 | CEK6: 28 | CEL6: 192 | CEM6: 2 | CEN6: 5 | CEO6: 0 | CEP6: 93 | CEQ6: 38 | CER6: 7 | CES6: 92 | CET6: 68 | CEU6: 3 | CEV6: 10 | CEW6: 6 | CEX6: 2 | CEY6: 0 | CEZ6: 26 | CFA6: 14 | CFB6: 0 | CFC6: 9 | CFD6: 0 | CFE6: 45 | CFF6: 0 | CFG6: 2 | CFH6: 111 | CFI6: 4 | CFJ6: 2 | CFK6: 133 | CFL6: 26 | CFM6: 2 | CFN6: 2 | CFO6: 4 | CFP6: 0 | CFQ6: 0 | CFR6: 8 | CFS6: 8 | CFT6: 3 | CFU6: 78 | CFV6: 4 | CFW6: 0 | CFX6: 43 | CFY6: 0 | CFZ6: 4 | CGA6: 0 | CGB6: 0 | CGC6: 27 | CGD6: 1 | CGE6: 55 | CGF6: 3 | CGG6: 0 | CGH6: 3 | CGI6: 125 | CGJ6: 0 | CGK6: 24 | CGL6: 48 | CGM6: 13 | CGN6: 8 | CGO6: 3 | CGP6: 0 | CGQ6: 0 | CGR6: 17 | CGS6: 0 | CGT6: 4 | CGU6: 0 | CGV6: 1 | CGW6: 10 | CGX6: 4 | CGY6: 1 | CGZ6: 2 | CHA6: 118 | CHB6: 0 | CHC6: 12 | CHD6: 30 | CHE6: 1
